Date,Name,Close,Open,Return
2016-01-04,IBM,135.95,135.6,0.0025811209439527607
2016-01-05,IBM,135.85,136.76,-0.006653992395437238
2016-01-06,IBM,135.17,134.38,0.00587885101949689
2016-01-07,IBM,132.86,133.7,-0.006282722513088819
2016-01-08,IBM,131.63,133.18,-0.011638384141763112
2016-01-11,IBM,133.23,131.81,0.010773082467187523
2016-01-12,IBM,132.9,133.65,-0.005611672278338945
2016-01-13,IBM,131.17,133.5,-0.017453183520599345
2016-01-14,IBM,132.91,131.93,0.007428181611460545
2016-01-15,IBM,130.03,130.01,0.00015383432043696818
2016-01-19,IBM,128.11,130.11,-0.015371608638844054
2016-01-20,IBM,121.86,118.46,0.028701671450278625
2016-01-21,IBM,122.91,121.3,0.013272877164056056
2016-01-22,IBM,122.5,124.67,-0.01740595171252107
2016-01-25,IBM,122.08,122.1,-0.00016380016380013122
2016-01-26,IBM,122.59,122.25,0.0027811860940695574
2016-01-27,IBM,120.96,122.73,-0.014421901735517072
2016-01-28,IBM,122.22,121.26,0.007916872835230033
2016-01-29,IBM,124.79,123.28,0.012248539909149944
2016-02-01,IBM,124.83,124.4,0.003456591639871323
2016-02-02,IBM,122.94,123.67,-0.005902805854289674
2016-02-03,IBM,124.72,123.99,0.005887571578353125
2016-02-04,IBM,127.65,125.08,0.020546850015989826
2016-02-05,IBM,128.57,127.22,0.010611539066184518
2016-02-08,IBM,126.98,126.0,0.00777777777777781
2016-02-09,IBM,124.07,126.12,-0.016254360926102215
2016-02-10,IBM,120.19,125.0,-0.03848000000000002
2016-02-11,IBM,117.85,118.78,-0.007829600942919741
2016-02-12,IBM,121.04,119.26,0.014925373134328367
2016-02-16,IBM,122.74,121.83,0.007469424608060384
2016-02-17,IBM,126.1,123.71,0.019319375959906238
2016-02-18,IBM,132.45,130.0,0.01884615384615376
2016-02-19,IBM,133.08,132.36,0.00543970988213961
2016-02-22,IBM,133.77,133.84,-0.0005230125523012042
2016-02-23,IBM,132.4,133.14,-0.005558059185819294
2016-02-24,IBM,132.8,131.55,0.009502090459901177
2016-02-25,IBM,134.5,133.29,0.009077950333858564
2016-02-26,IBM,132.03,134.51,-0.018437290907739125
2016-02-29,IBM,131.03,132.0,-0.00734848484848484
2016-03-01,IBM,134.37,132.24,0.01610707803992737
2016-03-02,IBM,136.3,133.7,0.019446522064323284
2016-03-03,IBM,137.8,137.22,0.004226789097799246
2016-03-04,IBM,137.8,137.54,0.0018903591682421065
2016-03-07,IBM,140.15,137.28,0.02090617715617719
2016-03-08,IBM,139.07,139.71,-0.004580917615059872
2016-03-09,IBM,140.41,139.31,0.007896059148661217
2016-03-10,IBM,140.19,141.24,-0.007434154630416393
2016-03-11,IBM,142.36,141.73,0.004445071615042855
2016-03-14,IBM,142.78,142.01,0.005422153369481095
2016-03-15,IBM,142.96,141.74,0.00860730915761252
2016-03-16,IBM,144.79,142.62,0.015215257327163003
2016-03-17,IBM,147.04,144.78,0.015609890868904483
2016-03-18,IBM,147.09,147.4,-0.002103120759837193
2016-03-21,IBM,148.63,147.3,0.00902919212491503
2016-03-22,IBM,148.1,148.06,0.00027016074564360424
2016-03-23,IBM,145.4,148.0,-0.01756756756756753
2016-03-24,IBM,147.95,144.98,0.020485584218512893
2016-03-28,IBM,148.4,147.75,0.004399323181049108
2016-03-29,IBM,149.33,147.59,0.011789416627142823
2016-03-30,IBM,148.41,149.95,-0.01027009003000995
2016-03-31,IBM,151.45,149.79,0.011082181721076152
2016-04-01,IBM,152.52,150.51,0.013354594379111151
2016-04-04,IBM,152.07,152.34,-0.0017723513194171604
2016-04-05,IBM,150.0,151.43,-0.009443307138611945
2016-04-06,IBM,150.02,149.9,0.0008005336891261143
2016-04-07,IBM,148.25,149.07,-0.005500771449654479
2016-04-08,IBM,149.35,149.06,0.0019455252918287405
2016-04-11,IBM,149.25,150.26,-0.006721682417143557
2016-04-12,IBM,149.63,149.61,0.0001336809036827873
2016-04-13,IBM,151.23,150.75,0.003184079601989982
2016-04-14,IBM,151.16,151.5,-0.002244224422442267
2016-04-15,IBM,151.72,151.04,0.004502118644067842
2016-04-18,IBM,152.53,151.75,0.005140032948929167
2016-04-19,IBM,144.0,146.47,-0.01686352154024714
2016-04-20,IBM,146.11,144.24,0.012964503605102637
2016-04-21,IBM,149.3,146.58,0.018556419702551497
2016-04-22,IBM,148.5,149.44,-0.006290149892933604
2016-04-25,IBM,148.81,148.16,0.004387149028077793
2016-04-26,IBM,149.08,148.65,0.0028927009754457235
2016-04-27,IBM,150.47,149.35,0.007499163039839335
2016-04-28,IBM,147.07,149.75,-0.01789649415692826
2016-04-29,IBM,145.94,146.49,-0.0037545224930030127
2016-05-02,IBM,145.27,146.56,-0.008801855895196452
2016-05-03,IBM,144.13,144.65,-0.003594884203249293
2016-05-04,IBM,144.25,143.36,0.006208147321428476
2016-05-05,IBM,146.47,145.95,0.003562863994518741
2016-05-06,IBM,147.29,144.86,0.016774817064752024
2016-05-09,IBM,147.34,147.7,-0.0024373730534866978
2016-05-10,IBM,149.97,148.24,0.01167026443604958
2016-05-11,IBM,148.95,149.71,-0.005076481196980958
2016-05-12,IBM,148.84,149.21,-0.002479726559882076
2016-05-13,IBM,147.72,148.79,-0.007191343504267715
2016-05-16,IBM,149.46,147.65,0.012258719945817828
2016-05-17,IBM,148.0,149.21,-0.008109376047181878
2016-05-18,IBM,147.34,147.99,-0.0043921886613960785
2016-05-19,IBM,144.93,146.48,-0.010581649371927793
2016-05-20,IBM,147.25,145.71,0.010568938302106869
2016-05-23,IBM,146.77,147.61,-0.005690671363728767
2016-05-24,IBM,148.31,146.88,0.009735838779956475
2016-05-25,IBM,151.69,148.93,0.018532196333848054
2016-05-26,IBM,152.44,151.55,0.005872649290663057
2016-05-27,IBM,152.84,152.35,0.003216278306531074
2016-05-31,IBM,153.74,152.56,0.007734661772417454
2016-06-01,IBM,152.51,153.0,-0.0032026143790850267
2016-06-02,IBM,153.5,152.59,0.005963693557900233
2016-06-03,IBM,152.89,152.4,0.0032152230971127338
2016-06-06,IBM,152.73,153.09,-0.0023515579071135516
2016-06-07,IBM,153.33,153.31,0.00013045463440095382
2016-06-08,IBM,154.0,153.53,0.003061290952908219
2016-06-09,IBM,153.42,152.92,0.0032696834946377195
2016-06-10,IBM,152.37,152.79,-0.0027488709994108744
2016-06-13,IBM,151.28,151.63,-0.0023082503462375143
2016-06-14,IBM,151.06,151.28,-0.001454257006874662
2016-06-15,IBM,150.68,151.46,-0.005149874554337786
2016-06-16,IBM,151.06,150.19,0.005792662627338734
2016-06-17,IBM,151.99,150.96,0.006822999470058301
2016-06-20,IBM,153.61,152.6,0.006618610747051241
2016-06-21,IBM,154.05,154.16,-0.0007135443694861522
2016-06-22,IBM,152.92,153.75,-0.005398373983739919
2016-06-23,IBM,155.35,153.45,0.012381883349625323
2016-06-24,IBM,146.59,149.97,-0.022537840901513607
2016-06-27,IBM,143.5,146.18,-0.018333561362703563
2016-06-28,IBM,145.7,144.78,0.00635446884928849
2016-06-29,IBM,148.46,146.5,0.01337883959044374
2016-06-30,IBM,151.78,148.86,0.019615746338841777
2016-07-01,IBM,152.35,152.19,0.0010513174321571497
2016-07-05,IBM,151.68,151.19,0.0032409550896223896
2016-07-06,IBM,152.37,151.85,0.0034244320052684244
2016-07-07,IBM,152.6,152.75,-0.000981996726677615
2016-07-08,IBM,154.46,154.0,0.002987012987013039
2016-07-11,IBM,155.33,154.6,0.004721862871927673
2016-07-12,IBM,157.04,156.0,0.006666666666666616
2016-07-13,IBM,158.02,157.75,0.0017115689381934087
2016-07-14,IBM,160.28,158.81,0.009256344058938347
2016-07-15,IBM,159.78,159.9,-0.0007504690431519984
2016-07-18,IBM,159.86,159.3,0.0035153797865662413
2016-07-19,IBM,159.58,161.78,-0.013598714303374884
2016-07-20,IBM,161.36,159.97,0.00868912921172729
2016-07-21,IBM,160.45,160.75,-0.0018662519440125125
2016-07-22,IBM,162.07,160.78,0.008023385993282697
2016-07-25,IBM,162.65,162.0,0.004012345679012381
2016-07-26,IBM,162.12,162.65,-0.0032585305871503296
2016-07-27,IBM,161.83,162.12,-0.001788798420922724
2016-07-28,IBM,161.37,161.38,-6.196554715572503e-05
2016-07-29,IBM,160.62,161.36,-0.004586018839861236
2016-08-01,IBM,161.45,160.65,0.004979769685651932
2016-08-02,IBM,160.58,161.27,-0.004278539095926072
2016-08-03,IBM,160.67,160.13,0.0033722600387184917
2016-08-04,IBM,161.55,160.86,0.004289444237224902
2016-08-05,IBM,163.5,162.0,0.009259259259259259
2016-08-08,IBM,162.04,162.73,-0.0042401523996804386
2016-08-09,IBM,161.77,162.22,-0.002774010602884901
2016-08-10,IBM,162.08,162.19,-0.0006782169060976954
2016-08-11,IBM,163.53,162.25,0.00788906009244993
2016-08-12,IBM,161.95,163.19,-0.007598504810343827
2016-08-15,IBM,161.88,162.4,-0.0032019704433498167
2016-08-16,IBM,160.7,161.11,-0.002544845136863168
2016-08-17,IBM,160.44,160.97,-0.003292538982419091
2016-08-18,IBM,161.36,160.89,0.002921250543850005
2016-08-19,IBM,160.04,160.84,-0.004973887092763065
2016-08-22,IBM,160.0,160.0,0.0
2016-08-23,IBM,160.26,160.33,-0.00043659951350353394
2016-08-24,IBM,159.05,159.89,-0.0052536118581523236
2016-08-25,IBM,158.63,159.0,-0.002327044025157261
2016-08-26,IBM,158.32,158.88,-0.0035246727089627535
2016-08-29,IBM,159.72,158.83,0.00560347541396453
2016-08-30,IBM,159.4,159.76,-0.0022533800701050656
2016-08-31,IBM,158.88,159.66,-0.0048853814355505525
2016-09-01,IBM,159.54,158.32,0.007705912076806461
2016-09-02,IBM,159.55,159.88,-0.0020640480360269208
2016-09-06,IBM,160.35,159.88,0.002939704778583931
2016-09-07,IBM,161.64,160.19,0.009051751045633239
2016-09-08,IBM,159.0,160.55,-0.009654313298038064
2016-09-09,IBM,155.69,158.03,-0.014807315066759497
2016-09-12,IBM,158.29,155.26,0.01951565116578643
2016-09-13,IBM,155.81,157.63,-0.011546025502759584
2016-09-14,IBM,154.05,155.7,-0.010597302504816811
2016-09-15,IBM,155.66,154.3,0.008813998703823624
2016-09-16,IBM,153.84,155.04,-0.007739938080495283
2016-09-19,IBM,154.87,154.87,0.0
2016-09-20,IBM,154.45,155.87,-0.009110155899146826
2016-09-21,IBM,155.53,154.91,0.004002323930023914
2016-09-22,IBM,156.11,156.15,-0.0002561639449247009
2016-09-23,IBM,154.98,155.62,-0.004112581930343239
2016-09-26,IBM,153.98,154.46,-0.003107600673313597
2016-09-27,IBM,156.77,154.32,0.015876101607050396
2016-09-28,IBM,158.29,156.99,0.008280782215427626
2016-09-29,IBM,158.11,158.63,-0.003278068461198902
2016-09-30,IBM,158.85,158.9,-0.00031466331025809544
2016-10-03,IBM,157.61,158.06,-0.002847020118942102
2016-10-04,IBM,156.46,157.67,-0.007674256358216399
2016-10-05,IBM,157.08,157.07,6.366588145425179e-05
2016-10-06,IBM,156.88,156.84,0.00025503698036210176
2016-10-07,IBM,155.67,157.14,-0.009354715540282544
2016-10-10,IBM,157.02,156.71,0.0019781762491225974
2016-10-11,IBM,154.79,156.73,-0.012377974861226299
2016-10-12,IBM,154.29,154.97,-0.004387946054075026
2016-10-13,IBM,153.72,153.7,0.0001301236174366313
2016-10-14,IBM,154.45,154.47,-0.00012947497896038216
2016-10-17,IBM,154.77,154.45,0.002071867918420341
2016-10-18,IBM,150.72,150.02,0.004666044527396271
2016-10-19,IBM,151.26,151.27,-6.610696106312769e-05
2016-10-20,IBM,151.52,151.28,0.0015864621893178813
2016-10-21,IBM,149.63,150.58,-0.006308938770089102
2016-10-24,IBM,150.57,150.4,0.001130319148936087
2016-10-25,IBM,150.88,150.69,0.0012608666799389324
2016-10-26,IBM,151.81,150.71,0.007298785747461975
2016-10-27,IBM,153.35,152.82,0.0034681324433974686
2016-10-28,IBM,152.61,154.05,-0.009347614410905534
2016-10-31,IBM,153.69,152.76,0.006087981146897139
2016-11-01,IBM,152.79,153.5,-0.004625407166123831
2016-11-02,IBM,151.95,152.48,-0.0034758656873032606
2016-11-03,IBM,152.37,152.51,-0.0009179725919610935
2016-11-04,IBM,152.43,152.4,0.00019685039370079485
2016-11-07,IBM,155.72,153.99,0.011234495746476976
2016-11-08,IBM,155.17,154.56,0.003946687370600319
2016-11-09,IBM,154.81,152.96,0.01209466527196649
2016-11-10,IBM,160.22,157.66,0.016237473043257657
2016-11-11,IBM,161.27,159.97,0.008126523723198172
2016-11-14,IBM,158.21,161.25,-0.018852713178294525
2016-11-15,IBM,158.67,158.42,0.0015780835753061483
2016-11-16,IBM,159.29,158.46,0.005237914931212824
2016-11-17,IBM,159.8,159.22,0.003642758447431306
2016-11-18,IBM,160.39,159.8,0.0036921151439297554
2016-11-21,IBM,162.77,160.69,0.012944178231377263
2016-11-22,IBM,162.67,163.0,-0.00202453987730069
2016-11-23,IBM,161.98,161.94,0.00024700506360375476
2016-11-25,IBM,163.14,161.83,0.008094914416362687
2016-11-28,IBM,164.52,163.2,0.00808823529411778
2016-11-29,IBM,163.53,164.0,-0.0028658536585365784
2016-11-30,IBM,162.22,163.35,-0.006917661463115981
2016-12-01,IBM,159.82,161.95,-0.013152207471441775
2016-12-02,IBM,160.02,159.0,0.0064150943396227055
2016-12-05,IBM,159.84,160.85,-0.006279142057817787
2016-12-06,IBM,160.35,160.13,0.0013738837194779171
2016-12-07,IBM,164.79,160.6,0.026089663760896626
2016-12-08,IBM,165.36,164.87,0.0029720385758476926
2016-12-09,IBM,166.52,165.18,0.008112362271461457
2016-12-12,IBM,165.5,166.72,-0.007317658349328208
2016-12-13,IBM,168.29,165.68,0.015753259295026467
2016-12-14,IBM,168.51,168.37,0.0008315020490585398
2016-12-15,IBM,168.02,168.01,5.952026665090963e-05
2016-12-16,IBM,166.73,168.97,-0.013256791146357395
2016-12-19,IBM,166.68,166.83,-0.0008991188635137905
2016-12-20,IBM,167.6,167.49,0.0006567556272015357
2016-12-21,IBM,167.33,166.25,0.006496240601503835
2016-12-22,IBM,167.06,167.36,-0.0017925430210325726
2016-12-23,IBM,166.71,167.0,-0.0017365269461077368
2016-12-27,IBM,167.14,166.98,0.0009581985866570643
2016-12-28,IBM,166.19,167.29,-0.006575407974176546
2016-12-29,IBM,166.6,166.02,0.003493554993374196
2016-12-30,IBM,165.99,166.44,-0.0027036770007209123
2016-01-04,JPM,63.62,63.95,-0.005160281469898442
2016-01-05,JPM,63.73,63.7,0.0004709576138146629
2016-01-06,JPM,62.81,62.72,0.0014349489795918912
2016-01-07,JPM,60.27,61.46,-0.01936218678815486
2016-01-08,JPM,58.92,61.13,-0.036152461966301334
2016-01-11,JPM,58.83,58.83,0.0
2016-01-12,JPM,58.96,59.45,-0.008242220353238048
2016-01-13,JPM,57.34,59.46,-0.03565422132526064
2016-01-14,JPM,58.2,58.16,0.0006877579092160635
2016-01-15,JPM,57.04,56.45,0.010451727192205426
2016-01-19,JPM,57.01,57.73,-0.012471851723540602
2016-01-20,JPM,55.51,55.63,-0.002157109473305852
2016-01-21,JPM,55.25,55.74,-0.008790814495873735
2016-01-22,JPM,56.95,56.44,0.009036144578313345
2016-01-25,JPM,55.66,56.48,-0.014518413597733718
2016-01-26,JPM,57.08,55.85,0.02202327663384059
2016-01-27,JPM,57.04,57.08,-0.0007007708479327111
2016-01-28,JPM,57.28,57.52,-0.004172461752433971
2016-01-29,JPM,59.5,57.83,0.028877745114992248
2016-02-01,JPM,58.86,59.16,-0.0050709939148072545
2016-02-02,JPM,57.03,57.88,-0.014685556323427806
2016-02-03,JPM,57.41,57.37,0.000697228516646316
2016-02-04,JPM,58.4,57.06,0.023484051875219
2016-02-05,JPM,57.75,58.58,-0.01416865824513483
2016-02-08,JPM,56.54,56.69,-0.0026459693067560166
2016-02-09,JPM,56.2,55.29,0.016458672454331774
2016-02-10,JPM,55.52,56.57,-0.01856107477461547
2016-02-11,JPM,53.07,53.9,-0.015398886827458224
2016-02-12,JPM,57.49,55.65,0.03306379155435765
2016-02-16,JPM,58.35,58.23,0.0020607934054611807
2016-02-17,JPM,58.77,58.85,-0.0013593882752760968
2016-02-18,JPM,57.81,58.84,-0.017505098572399746
2016-02-19,JPM,57.82,57.5,0.0055652173913043525
2016-02-22,JPM,58.57,58.51,0.0010254657323534827
2016-02-23,JPM,56.12,57.9,-0.03074265975820382
2016-02-24,JPM,56.14,55.2,0.017028985507246335
2016-02-25,JPM,57.01,56.13,0.015677890611081335
2016-02-26,JPM,57.54,57.64,-0.0017349063150590115
2016-02-29,JPM,56.3,57.41,-0.01933461069500086
2016-03-01,JPM,59.2,56.76,0.04298801973220587
2016-03-02,JPM,59.76,59.2,0.009459459459459377
2016-03-03,JPM,59.96,59.58,0.006377979187646905
2016-03-04,JPM,60.05,60.1,-0.0008319467554077248
2016-03-07,JPM,59.94,59.54,0.006718172657037262
2016-03-08,JPM,58.78,59.21,-0.0072622867758824474
2016-03-09,JPM,59.12,59.15,-0.0005071851225697571
2016-03-10,JPM,58.61,59.59,-0.01644571236784702
2016-03-11,JPM,59.34,59.39,-0.000841892574507445
2016-03-14,JPM,59.12,59.15,-0.0005071851225697571
2016-03-15,JPM,59.2,58.54,0.011274342330030811
2016-03-16,JPM,58.92,58.98,-0.0010172939979653302
2016-03-17,JPM,58.75,58.77,-0.0003403096818105007
2016-03-18,JPM,60.48,60.05,0.007160699417152369
2016-03-21,JPM,60.46,60.22,0.00398538691464633
2016-03-22,JPM,60.24,59.99,0.004167361226871145
2016-03-23,JPM,59.94,60.34,-0.006629101756712059
2016-03-24,JPM,59.48,59.3,0.0030354131534569935
2016-03-28,JPM,59.4,59.53,-0.0021837728876197304
2016-03-29,JPM,59.03,59.33,-0.005056463846283451
2016-03-30,JPM,59.71,59.46,0.004204507231752439
2016-03-31,JPM,59.22,59.45,-0.0038687973086628086
2016-04-01,JPM,59.87,59.02,0.014401897661809458
2016-04-04,JPM,59.2,59.44,-0.00403768506056519
2016-04-05,JPM,58.36,58.59,-0.003925584570745929
2016-04-06,JPM,58.81,58.18,0.010828463389480965
2016-04-07,JPM,57.32,58.26,-0.016134569172674182
2016-04-08,JPM,57.74,57.71,0.0005198405822214718
2016-04-11,JPM,58.2,57.91,0.005007770678639376
2016-04-12,JPM,59.28,58.34,0.016112444292080867
2016-04-13,JPM,61.79,60.48,0.02166005291005295
2016-04-14,JPM,62.59,61.69,0.014589074404279555
2016-04-15,JPM,61.87,62.88,-0.0160623409669212
2016-04-18,JPM,62.27,61.64,0.010220635950681418
2016-04-19,JPM,63.32,62.55,0.012310151878497252
2016-04-20,JPM,64.24,63.48,0.011972274732199088
2016-04-21,JPM,63.6,64.26,-0.010270774976657387
2016-04-22,JPM,63.97,63.64,0.0051854179761156236
2016-04-25,JPM,63.6,63.6,0.0
2016-04-26,JPM,63.93,63.81,0.0018805829807239842
2016-04-27,JPM,64.11,63.86,0.0039148136548700285
2016-04-28,JPM,63.6,63.64,-0.0006285355122564291
2016-04-29,JPM,63.2,63.09,0.0017435409732128614
2016-05-02,JPM,63.79,63.69,0.0015701051970482246
2016-05-03,JPM,62.56,62.9,-0.005405405405405347
2016-05-04,JPM,61.57,61.75,-0.0029149797570850156
2016-05-05,JPM,61.24,61.6,-0.005844155844155835
2016-05-06,JPM,61.6,60.7,0.014827018121911013
2016-05-09,JPM,61.21,61.37,-0.0026071370376404856
2016-05-10,JPM,62.04,61.55,0.007961007311129196
2016-05-11,JPM,61.81,61.97,-0.0025818944650636854
2016-05-12,JPM,61.77,62.27,-0.008029548739360848
2016-05-13,JPM,61.2,61.7,-0.008103727714748784
2016-05-16,JPM,61.66,61.21,0.007351739911779051
2016-05-17,JPM,61.66,61.43,0.003744098974442404
2016-05-18,JPM,64.04,61.7,0.03792544570502437
2016-05-19,JPM,63.39,63.53,-0.0022036832992287196
2016-05-20,JPM,63.51,63.86,-0.005480739116818061
2016-05-23,JPM,63.46,63.45,0.0001576044129235305
2016-05-24,JPM,64.54,63.94,0.009383797309978239
2016-05-25,JPM,65.52,64.94,0.008931321219587285
2016-05-26,JPM,65.03,65.57,-0.008235473539728413
2016-05-27,JPM,65.43,65.21,0.003373715687778149
2016-05-31,JPM,65.27,65.73,-0.006998326487144499
2016-06-01,JPM,65.69,64.76,0.014360716491661403
2016-06-02,JPM,65.81,65.52,0.004426129426129521
2016-06-03,JPM,64.64,64.25,0.006070038910505845
2016-06-06,JPM,65.28,64.64,0.00990099009900991
2016-06-07,JPM,65.06,65.45,-0.0059587471352177315
2016-06-08,JPM,65.25,64.93,0.0049283844139841855
2016-06-09,JPM,64.75,64.79,-0.0006173792251891688
2016-06-10,JPM,63.84,63.93,-0.0014077897700609464
2016-06-13,JPM,63.27,63.48,-0.003308128544423342
2016-06-14,JPM,62.08,62.68,-0.009572431397575007
2016-06-15,JPM,61.97,62.41,-0.007050152219195606
2016-06-16,JPM,62.22,61.45,0.012530512611879511
2016-06-17,JPM,62.28,62.3,-0.0003210272873193583
2016-06-20,JPM,62.37,63.45,-0.017021276595744764
2016-06-21,JPM,62.95,62.73,0.0035070938944684518
2016-06-22,JPM,62.71,62.95,-0.0038125496425735024
2016-06-23,JPM,64.05,63.7,0.005494505494505405
2016-06-24,JPM,59.6,60.48,-0.014550264550264477
2016-06-27,JPM,57.61,58.71,-0.018736160790325352
2016-06-28,JPM,59.52,59.19,0.005575266092245403
2016-06-29,JPM,61.2,60.36,0.013916500994035842
2016-06-30,JPM,62.14,61.63,0.008275190653902288
2016-07-01,JPM,61.26,61.52,-0.004226267880364192
2016-07-05,JPM,59.55,60.45,-0.014888337468982724
2016-07-06,JPM,60.19,59.01,0.0199966107439417
2016-07-07,JPM,60.58,60.52,0.000991407799074606
2016-07-08,JPM,61.83,61.33,0.008152616990053808
2016-07-11,JPM,62.27,62.42,-0.002403075937199593
2016-07-12,JPM,63.2,63.03,0.0026971283515786404
2016-07-13,JPM,63.16,63.08,0.0012682308180088505
2016-07-14,JPM,64.12,64.74,-0.009576768612913043
2016-07-15,JPM,64.18,64.75,-0.008803088803088699
2016-07-18,JPM,63.96,64.13,-0.002650865429596049
2016-07-19,JPM,63.86,63.61,0.003930199654142431
2016-07-20,JPM,63.93,64.11,-0.002807674309780061
2016-07-21,JPM,63.69,64.0,-0.0048437500000000355
2016-07-22,JPM,64.04,63.9,0.002190923317684001
2016-07-25,JPM,63.87,63.98,-0.0017192872772741393
2016-07-26,JPM,64.13,63.98,0.002344482650828362
2016-07-27,JPM,64.33,64.08,0.0039013732833957553
2016-07-28,JPM,64.1,64.0,0.0015624999999999112
2016-07-29,JPM,63.97,63.8,0.0026645768025078636
2016-08-01,JPM,63.8,64.15,-0.005455962587685245
2016-08-02,JPM,63.65,63.59,0.0009435445824814463
2016-08-03,JPM,64.66,63.69,0.015230020411367545
2016-08-04,JPM,64.56,64.49,0.0010854396030393456
2016-08-05,JPM,66.3,65.14,0.0178077985876573
2016-08-08,JPM,66.1,66.07,0.0004540638716512962
2016-08-09,JPM,65.87,66.18,-0.004684194620731373
2016-08-10,JPM,65.28,65.92,-0.009708737864077678
2016-08-11,JPM,65.46,65.27,0.002910985138654784
2016-08-12,JPM,65.32,64.97,0.005387101739264188
2016-08-15,JPM,65.72,65.56,0.0024405125076265495
2016-08-16,JPM,65.71,65.36,0.00535495716034263
2016-08-17,JPM,65.89,65.8,0.0013677811550152495
2016-08-18,JPM,65.95,65.62,0.005028954587016127
2016-08-19,JPM,65.86,65.72,0.0021302495435179636
2016-08-22,JPM,65.8,65.75,0.0007604562737642154
2016-08-23,JPM,65.77,66.07,-0.004540638716512747
2016-08-24,JPM,65.95,65.99,-0.0006061524473403855
2016-08-25,JPM,66.07,65.91,0.00242755272341066
2016-08-26,JPM,66.22,66.33,-0.0016583747927031423
2016-08-29,JPM,66.95,66.49,0.0069183335839977135
2016-08-30,JPM,67.5,66.96,0.008064516129032352
2016-08-31,JPM,67.5,67.46,0.0005929439667952306
2016-09-01,JPM,67.21,67.64,-0.0063571850975755
2016-09-02,JPM,67.49,67.4,0.0013353115727001363
2016-09-06,JPM,67.44,67.5,-0.0008888888888889225
2016-09-07,JPM,67.16,67.16,0.0
2016-09-08,JPM,67.25,67.22,0.0004462957453139116
2016-09-09,JPM,66.65,67.03,-0.0056691033865432705
2016-09-12,JPM,67.06,66.14,0.013909888116117352
2016-09-13,JPM,66.53,66.11,0.006353047950385746
2016-09-14,JPM,66.4,66.27,0.001961671948091288
2016-09-15,JPM,66.64,66.29,0.005279831045406461
2016-09-16,JPM,65.82,66.09,-0.00408533817521577
2016-09-19,JPM,66.19,66.15,0.0006046863189719129
2016-09-20,JPM,66.46,66.75,-0.004344569288389607
2016-09-21,JPM,66.84,66.84,0.0
2016-09-22,JPM,67.39,66.99,0.00597104045379916
2016-09-23,JPM,67.25,67.39,-0.0020774595637335002
2016-09-26,JPM,65.78,66.6,-0.012312312312312211
2016-09-27,JPM,66.36,65.41,0.014523773123375674
2016-09-28,JPM,66.71,66.58,0.0019525382997896583
2016-09-29,JPM,65.65,66.7,-0.01574212893553219
2016-09-30,JPM,66.59,66.08,0.007717917675544872
2016-10-03,JPM,66.51,66.35,0.0024114544084402533
2016-10-04,JPM,66.6,66.21,0.005890348889895795
2016-10-05,JPM,67.69,66.89,0.011959934220361745
2016-10-06,JPM,67.87,67.73,0.0020670308578178143
2016-10-07,JPM,68.11,67.79,0.004720460244873774
2016-10-10,JPM,68.64,68.34,0.004389815627743593
2016-10-11,JPM,68.31,68.5,-0.002773722627737193
2016-10-12,JPM,68.13,68.26,-0.0019044828596544046
2016-10-13,JPM,67.74,67.46,0.004150607767565982
2016-10-14,JPM,67.52,68.8,-0.018604651162790715
2016-10-17,JPM,67.17,67.42,-0.003708098487095817
2016-10-18,JPM,67.7,67.85,-0.0022107590272659027
2016-10-19,JPM,68.35,67.81,0.007963427223123315
2016-10-20,JPM,68.26,68.08,0.0026439482961223095
2016-10-21,JPM,68.49,67.81,0.010028019466155325
2016-10-24,JPM,68.87,68.97,-0.0014499057561257694
2016-10-25,JPM,68.8,68.88,-0.001161440185830405
2016-10-26,JPM,69.13,68.37,0.011115986543805629
2016-10-27,JPM,69.23,69.49,-0.0037415455461216134
2016-10-28,JPM,69.11,69.53,-0.006040558032503979
2016-10-31,JPM,69.26,69.43,-0.00244850928993233
2016-11-01,JPM,68.97,69.48,-0.007340241796200419
2016-11-02,JPM,68.68,68.65,0.0004369992716678971
2016-11-03,JPM,68.38,68.86,-0.006970665117630032
2016-11-04,JPM,67.76,68.49,-0.010658490290553217
2016-11-07,JPM,69.88,69.08,0.011580775911986063
2016-11-08,JPM,70.03,69.7,0.004734576757532256
2016-11-09,JPM,73.25,71.46,0.02504897844948232
2016-11-10,JPM,76.65,74.22,0.032740501212611246
2016-11-11,JPM,76.69,76.3,0.005111402359108789
2016-11-14,JPM,79.51,77.25,0.029255663430420777
2016-11-15,JPM,79.36,78.37,0.012632384841138124
2016-11-16,JPM,77.4,78.22,-0.010483252365123923
2016-11-17,JPM,78.02,77.93,0.001154882586936856
2016-11-18,JPM,77.71,77.96,-0.003206772703950744
2016-11-21,JPM,78.05,78.0,0.0006410256410256046
2016-11-22,JPM,78.53,78.34,0.0024253255042123783
2016-11-23,JPM,78.86,78.87,-0.00012679092177006612
2016-11-25,JPM,78.83,79.1,-0.003413400758533452
2016-11-28,JPM,78.32,78.18,0.001790739319518884
2016-11-29,JPM,78.92,78.39,0.006761066462559014
2016-11-30,JPM,80.17,79.92,0.003128128128128128
2016-12-01,JPM,81.79,80.65,0.014135151890886552
2016-12-02,JPM,81.6,81.8,-0.0024449877750611594
2016-12-05,JPM,83.26,82.3,0.011664641555285639
2016-12-06,JPM,83.69,83.6,0.001076555023923486
2016-12-07,JPM,84.07,83.55,0.0062238180730101265
2016-12-08,JPM,85.12,84.23,0.010566306541612258
2016-12-09,JPM,85.49,85.02,0.005528111032698175
2016-12-12,JPM,84.73,85.36,-0.007380506091846245
2016-12-13,JPM,84.76,84.98,-0.0025888444339844533
2016-12-14,JPM,84.73,83.88,0.010133524082022038
2016-12-15,JPM,86.0,85.4,0.007025761124121713
2016-12-16,JPM,84.94,86.29,-0.015644918298760094
2016-12-19,JPM,85.43,84.8,0.0074292452830189825
2016-12-20,JPM,86.53,85.79,0.008625713952675076
2016-12-21,JPM,86.75,86.43,0.003702418141848816
2016-12-22,JPM,86.89,86.44,0.005205923183711277
2016-12-23,JPM,87.05,87.0,0.0005747126436781283
2016-12-27,JPM,87.13,87.05,0.0009190120620332946
2016-12-28,JPM,86.5,87.16,-0.007572280862781053
2016-12-29,JPM,85.89,86.58,-0.007969507969507943
2016-12-30,JPM,86.29,86.1,0.0022067363530779553
2016-01-04,GOOGL,759.44,762.2,-0.003621096824980308
2016-01-05,GOOGL,761.53,764.1,-0.0033634341054836407
2016-01-06,GOOGL,759.33,750.37,0.011940775883897326
2016-01-07,GOOGL,741.0,746.49,-0.0073544186794196964
2016-01-08,GOOGL,730.91,747.8,-0.02258625300882587
2016-01-11,GOOGL,733.07,731.95,0.00153015916387732
2016-01-12,GOOGL,745.34,740.75,0.006196422544718234
2016-01-13,GOOGL,719.57,749.34,-0.039728294232257697
2016-01-14,GOOGL,731.39,724.44,0.009593617138755358
2016-01-15,GOOGL,710.49,709.99,0.0007042352709193087
2016-01-19,GOOGL,719.08,720.15,-0.0014858015691174566
2016-01-20,GOOGL,718.56,705.9,0.01793455163620905
2016-01-21,GOOGL,726.67,720.17,0.009025646722301679
2016-01-22,GOOGL,745.46,742.0,0.004663072776280372
2016-01-25,GOOGL,733.62,743.84,-0.013739513873951423
2016-01-26,GOOGL,733.79,735.21,-0.0019314209545573003
2016-01-27,GOOGL,717.58,735.89,-0.02488143608419729
2016-01-28,GOOGL,748.3,738.19,0.013695661008683266
2016-01-29,GOOGL,761.35,748.96,0.01654293954283271
2016-02-01,GOOGL,770.77,771.26,-0.0006353240152477882
2016-02-02,GOOGL,780.91,800.5,-0.024472204871955068
2016-02-03,GOOGL,749.38,786.28,-0.04692984687388714
2016-02-04,GOOGL,730.03,744.59,-0.019554385635047553
2016-02-05,GOOGL,703.76,725.5,-0.02996554100620263
2016-02-08,GOOGL,704.16,687.68,0.02396463471382041
2016-02-09,GOOGL,701.02,692.95,0.011645861894797513
2016-02-10,GOOGL,706.85,711.79,-0.006940249230812376
2016-02-11,GOOGL,706.36,696.34,0.014389522359766755
2016-02-12,GOOGL,706.89,712.21,-0.007469706968450386
2016-02-16,GOOGL,717.64,718.65,-0.00140541292701592
2016-02-17,GOOGL,731.97,727.0,0.00683631361760664
2016-02-18,GOOGL,717.51,733.96,-0.022412665540356484
2016-02-19,GOOGL,722.11,715.9,0.008674395865344372
2016-02-22,GOOGL,729.05,729.51,-0.0006305602390646274
2016-02-23,GOOGL,717.29,726.1,-0.012133314970389834
2016-02-24,GOOGL,720.9,710.61,0.014480516739139561
2016-02-25,GOOGL,729.12,722.93,0.008562378100231081
2016-02-26,GOOGL,724.86,733.6,-0.011913849509269369
2016-02-29,GOOGL,717.22,721.0,-0.005242718446601904
2016-03-01,GOOGL,742.17,721.3,0.028933869402467775
2016-03-02,GOOGL,739.48,742.87,-0.004563382556840344
2016-03-03,GOOGL,731.59,739.48,-0.010669659760913055
2016-03-04,GOOGL,730.22,734.8,-0.006232988568317811
2016-03-07,GOOGL,712.8,725.15,-0.017030959111907912
2016-03-08,GOOGL,713.53,708.39,0.007255890117025913
2016-03-09,GOOGL,725.41,715.16,0.014332457072543207
2016-03-10,GOOGL,732.17,727.79,0.006018219541351208
2016-03-11,GOOGL,744.87,739.95,0.006649097912021027
2016-03-14,GOOGL,750.24,744.97,0.007074110366860386
2016-03-15,GOOGL,750.57,746.02,0.006099032197528308
2016-03-16,GOOGL,757.36,749.05,0.011094052466457593
2016-03-17,GOOGL,758.48,757.65,0.0010954926417211653
2016-03-18,GOOGL,755.41,761.63,-0.008166695114425675
2016-03-21,GOOGL,762.16,753.91,0.010942950750089534
2016-03-22,GOOGL,760.05,758.44,0.0021227783344758976
2016-03-23,GOOGL,757.56,763.35,-0.007584987227353216
2016-03-24,GOOGL,754.84,751.2,0.004845580404685817
2016-03-28,GOOGL,753.28,756.17,-0.0038218919026144736
2016-03-29,GOOGL,765.89,753.68,0.016200509500053122
2016-03-30,GOOGL,768.34,768.21,0.00016922456099243105
2016-03-31,GOOGL,762.9,768.34,-0.007080198870291868
2016-04-01,GOOGL,769.67,757.16,0.01652226742036028
2016-04-04,GOOGL,765.12,769.51,-0.005704929110732787
2016-04-05,GOOGL,758.57,758.13,0.0005803753973593639
2016-04-06,GOOGL,768.07,757.84,0.013498891586614612
2016-04-07,GOOGL,760.12,765.32,-0.006794543458945337
2016-04-08,GOOGL,759.47,765.87,-0.00835650959040043
2016-04-11,GOOGL,757.54,765.45,-0.010333790580704267
2016-04-12,GOOGL,764.32,758.43,0.007766043009902167
2016-04-13,GOOGL,771.91,770.31,0.0020770858485545077
2016-04-14,GOOGL,775.39,775.36,3.869170449852032e-05
2016-04-15,GOOGL,780.0,775.5,0.005802707930367505
2016-04-18,GOOGL,787.68,780.19,0.009600225586075052
2016-04-19,GOOGL,776.25,790.5,-0.018026565464895637
2016-04-20,GOOGL,774.92,779.16,-0.005441757790440999
2016-04-21,GOOGL,780.0,777.31,0.0034606527640195736
2016-04-22,GOOGL,737.77,743.91,-0.008253686601873865
2016-04-25,GOOGL,742.21,735.35,0.009328891004283692
2016-04-26,GOOGL,725.37,744.42,-0.025590392520351356
2016-04-27,GOOGL,721.46,725.32,-0.005321789003474347
2016-04-28,GOOGL,705.06,723.29,-0.025204274910478535
2016-04-29,GOOGL,707.88,704.12,0.005339998863830016
2016-05-02,GOOGL,714.41,711.92,0.003497583998202058
2016-05-03,GOOGL,708.44,712.5,-0.005698245614035011
2016-05-04,GOOGL,711.37,706.77,0.006508482250237026
2016-05-05,GOOGL,714.71,715.0,-0.0004055944055943547
2016-05-06,GOOGL,725.18,712.2,0.018225217635495512
2016-05-09,GOOGL,729.13,726.7,0.0033438833081050638
2016-05-10,GOOGL,739.38,734.96,0.006013932731032926
2016-05-11,GOOGL,730.55,740.52,-0.013463512126613768
2016-05-12,GOOGL,728.07,732.0,-0.005368852459016325
2016-05-13,GOOGL,724.83,726.62,-0.0024634609562081467
2016-05-16,GOOGL,730.3,724.32,0.008256019438921892
2016-05-17,GOOGL,720.19,731.06,-0.014868820616638705
2016-05-18,GOOGL,721.78,718.5,0.004565066109951249
2016-05-19,GOOGL,715.31,718.3,-0.004162606153417805
2016-05-20,GOOGL,721.71,716.46,0.007327694497948245
2016-05-23,GOOGL,717.25,719.98,-0.003791771993666516
2016-05-24,GOOGL,733.03,719.85,0.01830937000764041
2016-05-25,GOOGL,738.1,735.0,0.004217687074829963
2016-05-26,GOOGL,736.93,736.0,0.0012635869565216713
2016-05-27,GOOGL,747.6,737.51,0.013681170424807843
2016-05-31,GOOGL,748.85,748.76,0.00012019872856460259
2016-06-01,GOOGL,748.46,748.47,-1.3360588934748092e-05
2016-06-02,GOOGL,744.27,746.1,-0.0024527543224769346
2016-06-03,GOOGL,735.86,741.49,-0.007592819862708863
2016-06-06,GOOGL,730.06,738.5,-0.011428571428571503
2016-06-07,GOOGL,731.09,733.27,-0.0029729840304389245
2016-06-08,GOOGL,742.93,739.5,0.004638269100743678
2016-06-09,GOOGL,742.52,737.07,0.007394141669040839
2016-06-10,GOOGL,733.19,735.95,-0.0037502547727427007
2016-06-13,GOOGL,731.88,729.82,0.0028226137951822988
2016-06-14,GOOGL,733.25,729.31,0.005402366620504388
2016-06-15,GOOGL,732.19,734.92,-0.0037146900342893167
2016-06-16,GOOGL,724.25,727.96,-0.005096433869992907
2016-06-17,GOOGL,704.25,721.39,-0.023759686161438316
2016-06-20,GOOGL,706.13,710.31,-0.0058847545437906695
2016-06-21,GOOGL,708.88,710.05,-0.0016477712837123571
2016-06-22,GOOGL,710.47,714.05,-0.005013654505986874
2016-06-23,GOOGL,714.87,710.55,0.006079797340088735
2016-06-24,GOOGL,685.2,690.17,-0.007201124360664639
2016-06-27,GOOGL,681.14,682.49,-0.001978050960453666
2016-06-28,GOOGL,691.26,691.37,-0.00015910438694188877
2016-06-29,GOOGL,695.19,694.26,0.0013395557860168578
2016-06-30,GOOGL,703.53,697.65,0.008428294990324655
2016-07-01,GOOGL,710.25,705.1,0.007303928520777162
2016-07-05,GOOGL,704.89,705.01,-0.00017021035162622451
2016-07-06,GOOGL,708.97,699.84,0.013045839048925461
2016-07-07,GOOGL,707.26,710.11,-0.004013462702961545
2016-07-08,GOOGL,717.78,710.56,0.010160999774825529
2016-07-11,GOOGL,727.2,719.42,0.010814267048455822
2016-07-12,GOOGL,732.51,731.92,0.0008060990272161327
2016-07-13,GOOGL,729.48,735.52,-0.008211877311289922
2016-07-14,GOOGL,735.8,733.94,0.002534267106302831
2016-07-15,GOOGL,735.63,741.0,-0.0072469635627530424
2016-07-18,GOOGL,753.2,737.91,0.020720684094266344
2016-07-19,GOOGL,753.41,749.87,0.004720818275167647
2016-07-20,GOOGL,757.08,754.05,0.004018301173662339
2016-07-21,GOOGL,754.41,757.0,-0.0034214002642008346
2016-07-22,GOOGL,759.28,757.32,0.002588073733692392
2016-07-25,GOOGL,757.52,757.68,-0.00021117094287821797
2016-07-26,GOOGL,757.65,757.52,0.00017161263068961275
2016-07-27,GOOGL,761.97,758.97,0.003952725404166173
2016-07-28,GOOGL,765.84,768.84,-0.003901982206961136
2016-07-29,GOOGL,791.34,797.71,-0.007985358087525547
2016-08-01,GOOGL,800.94,786.67,0.018139753645111795
2016-08-02,GOOGL,800.12,797.33,0.00349917850827131
2016-08-03,GOOGL,798.92,796.47,0.0030760731728752266
2016-08-04,GOOGL,797.25,798.24,-0.0012402285027059644
2016-08-05,GOOGL,806.93,800.11,0.008523827973653543
2016-08-08,GOOGL,805.23,806.0,-0.0009553349875930296
2016-08-09,GOOGL,807.48,804.49,0.0037166403560019504
2016-08-10,GOOGL,808.49,807.05,0.0017842760671582364
2016-08-11,GOOGL,808.2,810.47,-0.0028008439547422873
2016-08-12,GOOGL,807.05,805.09,0.0024345104274055354
2016-08-15,GOOGL,805.96,807.21,-0.0015485437494580096
2016-08-16,GOOGL,801.19,803.5,-0.0028749222153079596
2016-08-17,GOOGL,805.42,800.0,0.006774999999999949
2016-08-18,GOOGL,802.75,805.36,-0.003240786728916278
2016-08-19,GOOGL,799.65,799.79,-0.0001750459495617429
2016-08-22,GOOGL,796.95,798.51,-0.001953638651989262
2016-08-23,GOOGL,796.59,800.48,-0.004859584249450313
2016-08-24,GOOGL,793.6,796.86,-0.004091057400296151
2016-08-25,GOOGL,791.3,792.0,-0.0008838383838384412
2016-08-26,GOOGL,793.22,792.49,0.0009211472699971207
2016-08-29,GOOGL,795.82,793.05,0.0034928440829709293
2016-08-30,GOOGL,791.92,792.88,-0.0012107759055595252
2016-08-31,GOOGL,789.85,789.6,0.0003166160081053698
2016-09-01,GOOGL,791.4,791.98,-0.0007323417258012083
2016-09-02,GOOGL,796.87,795.27,0.002011895331145426
2016-09-06,GOOGL,808.02,798.39,0.012061774320820647
2016-09-07,GOOGL,807.99,807.93,7.426385949285101e-05
2016-09-08,GOOGL,802.84,805.22,-0.0029557139663694337
2016-09-09,GOOGL,788.48,798.77,-0.012882306546314915
2016-09-12,GOOGL,798.82,784.52,0.018227706113292292
2016-09-13,GOOGL,788.72,794.01,-0.006662384604727854
2016-09-14,GOOGL,790.46,787.53,0.0037204931875611897
2016-09-15,GOOGL,801.23,790.01,0.014202351868963719
2016-09-16,GOOGL,797.97,799.02,-0.0013141097844859384
2016-09-19,GOOGL,795.39,801.11,-0.007140093120794931
2016-09-20,GOOGL,799.78,800.0,-0.0002750000000000341
2016-09-21,GOOGL,805.03,801.26,0.004705089484062579
2016-09-22,GOOGL,815.95,810.0,0.0073456790123457355
2016-09-23,GOOGL,814.96,815.14,-0.00022082096327005174
2016-09-26,GOOGL,802.65,809.82,-0.00885381936726689
2016-09-27,GOOGL,810.73,801.83,0.011099609642941741
2016-09-28,GOOGL,810.06,804.08,0.007437070938214984
2016-09-29,GOOGL,802.64,807.23,-0.005686111764924534
2016-09-30,GOOGL,804.06,803.6,0.0005724240915877584
2016-10-03,GOOGL,800.38,802.55,-0.002703881378107232
2016-10-04,GOOGL,802.79,805.0,-0.0027453416149068777
2016-10-05,GOOGL,801.23,806.0,-0.005918114143920573
2016-10-06,GOOGL,803.08,804.08,-0.0012436573475276091
2016-10-07,GOOGL,800.71,805.93,-0.0064769893166899285
2016-10-10,GOOGL,814.17,803.93,0.012737427387956675
2016-10-11,GOOGL,809.57,814.17,-0.0056499256911946025
2016-10-12,GOOGL,811.77,811.96,-0.0002340016749594248
2016-10-13,GOOGL,804.08,806.07,-0.002468768221122246
2016-10-14,GOOGL,804.6,807.45,-0.0035296303176667564
2016-10-17,GOOGL,806.84,805.99,0.001054603655132226
2016-10-18,GOOGL,821.49,814.21,0.008941182250279378
2016-10-19,GOOGL,827.09,824.52,0.0031169650220735094
2016-10-20,GOOGL,821.63,827.56,-0.007165643578713266
2016-10-21,GOOGL,824.06,820.0,0.004951219512195055
2016-10-24,GOOGL,835.74,830.09,0.006806490862436575
2016-10-25,GOOGL,828.55,838.5,-0.011866428145497968
2016-10-26,GOOGL,822.1,827.12,-0.006069252345487936
2016-10-27,GOOGL,817.35,823.01,-0.006877194687792333
2016-10-28,GOOGL,819.56,829.94,-0.012506928211678084
2016-10-31,GOOGL,809.9,822.43,-0.015235339177802334
2016-11-01,GOOGL,805.48,810.87,-0.006647181422422813
2016-11-02,GOOGL,788.42,806.76,-0.022732906936387565
2016-11-03,GOOGL,782.19,784.5,-0.0029445506692159914
2016-11-04,GOOGL,781.1,771.3,0.012705821340593892
2016-11-07,GOOGL,802.03,794.95,0.008906220517013556
2016-11-08,GOOGL,811.98,802.03,0.012406019724948002
2016-11-09,GOOGL,805.59,801.83,0.004689273287355164
2016-11-10,GOOGL,780.29,810.0,-0.03667901234567906
2016-11-11,GOOGL,771.75,776.81,-0.006513819338062004
2016-11-14,GOOGL,753.22,771.76,-0.024023012335441022
2016-11-15,GOOGL,775.16,765.47,0.012658889309835709
2016-11-16,GOOGL,779.98,770.42,0.01240881597050967
2016-11-17,GOOGL,786.16,782.5,0.004677316293929672
2016-11-18,GOOGL,775.97,787.17,-0.01422818450906403
2016-11-21,GOOGL,784.8,778.1,0.00861071841665587
2016-11-22,GOOGL,785.0,788.99,-0.0050570983155680165
2016-11-23,GOOGL,779.0,789.52,-0.013324551626304568
2016-11-25,GOOGL,780.23,782.61,-0.0030411060426010343
2016-11-28,GOOGL,785.79,778.35,0.00955868182694153
2016-11-29,GOOGL,789.44,788.38,0.001344529287906922
2016-11-30,GOOGL,775.88,789.1,-0.01675326321125336
2016-12-01,GOOGL,764.33,778.55,-0.018264722882281054
2016-12-02,GOOGL,764.46,761.9,0.0033600210001313285
2016-12-05,GOOGL,778.22,770.0,0.010675324675324711
2016-12-06,GOOGL,776.18,780.19,-0.005139773644881509
2016-12-07,GOOGL,791.47,779.95,0.014770177575485583
2016-12-08,GOOGL,795.17,792.95,0.002799672110473439
2016-12-09,GOOGL,809.45,799.3,0.01269861128487438
2016-12-12,GOOGL,807.9,804.82,0.0038269426704106843
2016-12-13,GOOGL,815.34,812.39,0.0036312608476225033
2016-12-14,GOOGL,817.89,815.92,0.002414452397293886
2016-12-15,GOOGL,815.65,817.36,-0.002092101399628115
2016-12-16,GOOGL,809.84,818.31,-0.01035060062812371
2016-12-19,GOOGL,812.5,809.28,0.003978845393436174
2016-12-20,GOOGL,815.2,813.37,0.002249898570146478
2016-12-21,GOOGL,812.2,815.72,-0.004315206198205244
2016-12-22,GOOGL,809.68,809.1,0.0007168458781361107
2016-12-23,GOOGL,807.8,808.01,-0.0002598977735424517
2016-12-27,GOOGL,809.93,808.68,0.00154572884206361
2016-12-28,GOOGL,804.57,813.33,-0.010770535944819434
2016-12-29,GOOGL,802.88,802.33,0.0006855034711402471
2016-12-30,GOOGL,792.45,803.21,-0.013396247556678814
2016-01-04,AMZN,636.99,656.29,-0.029407731338280264
2016-01-05,AMZN,633.79,646.86,-0.02020529944655729
2016-01-06,AMZN,632.65,622.0,0.017122186495176814
2016-01-07,AMZN,607.94,621.8,-0.022290125442264233
2016-01-08,AMZN,607.05,619.66,-0.0203498692831553
2016-01-11,AMZN,617.74,612.48,0.008588035527690685
2016-01-12,AMZN,617.89,625.25,-0.01177129148340666
2016-01-13,AMZN,581.81,620.88,-0.06292681355495434
2016-01-14,AMZN,593.0,580.25,0.021973287376130978
2016-01-15,AMZN,570.18,572.24,-0.003599888158814587
2016-01-19,AMZN,574.48,577.09,-0.004522691434611609
2016-01-20,AMZN,571.77,564.36,0.013129917074207896
2016-01-21,AMZN,575.02,573.58,0.0025105477875796587
2016-01-22,AMZN,596.38,588.73,0.012994071985460189
2016-01-25,AMZN,596.53,597.99,-0.0024415123998729684
2016-01-26,AMZN,601.25,603.45,-0.003645703869417591
2016-01-27,AMZN,583.35,601.99,-0.03096396950115448
2016-01-28,AMZN,635.35,608.37,0.044348011900652594
2016-01-29,AMZN,587.0,571.98,0.02625965942865132
2016-02-01,AMZN,574.81,578.15,-0.00577704747902799
2016-02-02,AMZN,552.1,570.0,-0.03140350877192979
2016-02-03,AMZN,531.07,553.5,-0.04052393857271897
2016-02-04,AMZN,536.26,525.0,0.02144761904761903
2016-02-05,AMZN,502.13,529.28,-0.05129610036275691
2016-02-08,AMZN,488.1,486.47,0.003350669106008583
2016-02-09,AMZN,482.07,478.01,0.008493546160122179
2016-02-10,AMZN,490.48,491.76,-0.0026028957214901025
2016-02-11,AMZN,503.82,491.17,0.025754830303153647
2016-02-12,AMZN,507.08,510.7,-0.007088310162522038
2016-02-16,AMZN,521.1,519.48,0.0031185031185031273
2016-02-17,AMZN,534.1,528.74,0.010137307561372344
2016-02-18,AMZN,525.0,541.19,-0.02991555645891471
2016-02-19,AMZN,534.9,520.71,0.02725125309673319
2016-02-22,AMZN,559.5,542.2,0.03190704537071183
2016-02-23,AMZN,552.94,555.55,-0.004698046980469625
2016-02-24,AMZN,554.04,545.75,0.015190105359596818
2016-02-25,AMZN,555.15,555.52,-0.0006660426267281188
2016-02-26,AMZN,555.23,560.12,-0.008730272084553285
2016-02-29,AMZN,552.52,554.0,-0.002671480144404365
2016-03-01,AMZN,579.04,556.29,0.04089593557317227
2016-03-02,AMZN,580.21,581.75,-0.0026471852170175565
2016-03-03,AMZN,577.49,577.96,-0.0008132050660945866
2016-03-04,AMZN,575.14,581.07,-0.010205310891975258
2016-03-07,AMZN,562.8,573.54,-0.018725808138926683
2016-03-08,AMZN,560.26,557.87,0.0042841522218437745
2016-03-09,AMZN,559.47,559.56,-0.00016084066051883292
2016-03-10,AMZN,558.93,566.74,-0.013780569573349435
2016-03-11,AMZN,569.61,566.95,0.004691771761178178
2016-03-14,AMZN,573.37,567.0,0.011234567901234576
2016-03-15,AMZN,577.02,571.0,0.010542907180385258
2016-03-16,AMZN,574.27,576.64,-0.004110016648168709
2016-03-17,AMZN,559.44,569.51,-0.01768186686800923
2016-03-18,AMZN,552.08,560.94,-0.015794915677256056
2016-03-21,AMZN,553.98,548.91,0.009236486855768796
2016-03-22,AMZN,560.48,545.11,0.02819614389756197
2016-03-23,AMZN,569.63,561.0,0.015383244206773611
2016-03-24,AMZN,582.95,567.11,0.027931089206679537
2016-03-28,AMZN,579.87,584.4,-0.0077515400410677155
2016-03-29,AMZN,593.86,580.15,0.02363181935706289
2016-03-30,AMZN,598.69,596.71,0.003318194767977775
2016-03-31,AMZN,593.64,599.28,-0.009411293552262693
2016-04-01,AMZN,598.5,590.49,0.013565005334552644
2016-04-04,AMZN,593.19,599.0,-0.009699499165275368
2016-04-05,AMZN,586.14,590.77,-0.007837229378607572
2016-04-06,AMZN,602.08,587.52,0.024782135076252824
2016-04-07,AMZN,591.43,598.76,-0.012241966731244641
2016-04-08,AMZN,594.6,594.32,0.0004711266657692366
2016-04-11,AMZN,595.93,596.14,-0.0003522662461838434
2016-04-12,AMZN,603.17,598.4,0.007971256684491949
2016-04-13,AMZN,614.82,607.68,0.011749605055292425
2016-04-14,AMZN,620.75,615.07,0.009234721251239614
2016-04-15,AMZN,625.89,621.92,0.006383457679444346
2016-04-18,AMZN,635.35,625.35,0.015991045014791715
2016-04-19,AMZN,627.9,637.14,-0.014502307185234029
2016-04-20,AMZN,632.99,630.0,0.00474603174603176
2016-04-21,AMZN,631.0,631.0,0.0
2016-04-22,AMZN,620.5,624.47,-0.00635739106762539
2016-04-25,AMZN,626.2,616.61,0.015552780525778095
2016-04-26,AMZN,616.88,626.17,-0.014836226583835004
2016-04-27,AMZN,606.57,611.8,-0.008548545276233908
2016-04-28,AMZN,602.0,615.54,-0.021996945771192718
2016-04-29,AMZN,659.59,666.0,-0.009624624624624576
2016-05-02,AMZN,683.85,663.92,0.030018676949030102
2016-05-03,AMZN,671.32,677.36,-0.008916971772764798
2016-05-04,AMZN,670.9,662.59,0.012541692449327556
2016-05-05,AMZN,659.09,673.31,-0.02111954374656535
2016-05-06,AMZN,673.95,656.05,0.027284505754134734
2016-05-09,AMZN,679.75,673.95,0.008605979672082431
2016-05-10,AMZN,703.07,694.0,0.013069164265129754
2016-05-11,AMZN,713.23,705.79,0.010541379163774005
2016-05-12,AMZN,717.93,717.38,0.0007666787476650513
2016-05-13,AMZN,709.92,714.64,-0.006604724056867832
2016-05-16,AMZN,710.66,710.13,0.00074634221903028
2016-05-17,AMZN,695.27,709.9,-0.020608536413579372
2016-05-18,AMZN,697.45,689.56,0.011442079006903099
2016-05-19,AMZN,698.52,691.88,0.009597039949124106
2016-05-20,AMZN,702.8,701.05,0.0024962556165751375
2016-05-23,AMZN,696.75,704.25,-0.010649627263045794
2016-05-24,AMZN,704.2,698.01,0.008868067792725112
2016-05-25,AMZN,708.35,708.0,0.0004943502824859078
2016-05-26,AMZN,714.91,708.33,0.00928945547979039
2016-05-27,AMZN,712.24,715.0,-0.003860139860139847
2016-05-31,AMZN,722.79,712.33,0.014684205354259855
2016-06-01,AMZN,719.44,720.9,-0.002025246220002667
2016-06-02,AMZN,728.24,720.97,0.010083637321941247
2016-06-03,AMZN,725.54,726.74,-0.0016512095109668457
2016-06-06,AMZN,726.73,726.5,0.0003165863730213602
2016-06-07,AMZN,723.74,729.89,-0.00842592719450873
2016-06-08,AMZN,726.64,726.4,0.0003303964757709376
2016-06-09,AMZN,727.65,723.1,0.006292352371732754
2016-06-10,AMZN,717.91,722.35,-0.006146604831452972
2016-06-13,AMZN,715.24,714.01,0.001722664948670212
2016-06-14,AMZN,719.3,712.33,0.009784790757092798
2016-06-15,AMZN,714.26,722.0,-0.010720221606648213
2016-06-16,AMZN,717.51,712.05,0.007668000842637507
2016-06-17,AMZN,706.39,718.19,-0.01643019256742654
2016-06-20,AMZN,714.01,713.5,0.0007147862648913678
2016-06-21,AMZN,715.82,715.72,0.00013971944335776942
2016-06-22,AMZN,710.6,716.58,-0.008345195232911912
2016-06-23,AMZN,722.08,715.5,0.00919636617749831
2016-06-24,AMZN,698.96,693.0,0.008600288600288653
2016-06-27,AMZN,691.36,692.01,-0.0009392927847863142
2016-06-28,AMZN,707.95,700.0,0.011357142857142922
2016-06-29,AMZN,715.6,715.75,-0.00020957038071949322
2016-06-30,AMZN,715.62,717.2,-0.0022030117122142233
2016-07-01,AMZN,725.68,717.32,0.011654491719176796
2016-07-05,AMZN,728.1,722.8,0.00733259546209196
2016-07-06,AMZN,737.61,725.71,0.016397734632291102
2016-07-07,AMZN,736.57,739.33,-0.003733109707437803
2016-07-08,AMZN,745.81,740.14,0.007660712838111653
2016-07-11,AMZN,753.78,750.0,0.005039999999999964
2016-07-12,AMZN,748.21,756.86,-0.011428797928282611
2016-07-13,AMZN,742.63,746.76,-0.0055305586801649735
2016-07-14,AMZN,741.2,748.86,-0.010228881232807158
2016-07-15,AMZN,735.44,746.55,-0.014881789565333736
2016-07-18,AMZN,736.07,735.49,0.0007885899196454621
2016-07-19,AMZN,739.95,732.5,0.010170648464163885
2016-07-20,AMZN,745.72,744.0,0.002311827956989284
2016-07-21,AMZN,744.43,747.5,-0.004107023411371305
2016-07-22,AMZN,744.86,747.79,-0.003918212332339226
2016-07-25,AMZN,739.61,746.55,-0.00929609537204466
2016-07-26,AMZN,735.59,742.71,-0.009586514251861432
2016-07-27,AMZN,736.67,737.97,-0.001761589224494313
2016-07-28,AMZN,752.61,745.98,0.008887637738277158
2016-07-29,AMZN,758.81,765.0,-0.008091503267973928
2016-08-01,AMZN,767.74,759.87,0.010357034755945101
2016-08-02,AMZN,760.58,763.81,-0.0042288003561093785
2016-08-03,AMZN,754.64,757.06,-0.003196576229096715
2016-08-04,AMZN,760.77,753.7,0.009380390075626821
2016-08-05,AMZN,765.98,764.81,0.0015297917129745596
2016-08-08,AMZN,766.56,766.81,-0.0003260260038340658
2016-08-09,AMZN,768.31,767.39,0.0011988688932615217
2016-08-10,AMZN,768.56,769.8,-0.001610808002078474
2016-08-11,AMZN,771.24,769.94,0.0016884432553185371
2016-08-12,AMZN,772.56,768.46,0.0053353460167086236
2016-08-15,AMZN,768.49,771.9,-0.0044176706827308825
2016-08-16,AMZN,764.04,768.62,-0.005958731232598736
2016-08-17,AMZN,764.63,764.41,0.0002878036655721763
2016-08-18,AMZN,764.46,764.0,0.0006020942408377439
2016-08-19,AMZN,757.31,761.9,-0.006024412652579121
2016-08-22,AMZN,759.48,757.5,0.002613861386138638
2016-08-23,AMZN,762.45,763.31,-0.0011266719943403075
2016-08-24,AMZN,757.25,763.0,-0.007536041939711665
2016-08-25,AMZN,759.22,756.0,0.004259259259259295
2016-08-26,AMZN,769.0,760.05,0.01177554108282356
2016-08-29,AMZN,771.29,768.72,0.0033432198980121973
2016-08-30,AMZN,767.58,771.05,-0.004500356656507248
2016-08-31,AMZN,769.16,766.6,0.0033394208192015985
2016-09-01,AMZN,770.62,770.9,-0.00036321183032815243
2016-09-02,AMZN,772.44,774.11,-0.0021573161437004546
2016-09-06,AMZN,788.87,774.04,0.01915921657795468
2016-09-07,AMZN,784.48,789.53,-0.006396210403657815
2016-09-08,AMZN,784.06,783.89,0.00021686716248448006
2016-09-09,AMZN,760.14,779.36,-0.024661260521453534
2016-09-12,AMZN,771.49,757.35,0.018670363768402965
2016-09-13,AMZN,761.01,768.77,-0.010094046333753907
2016-09-14,AMZN,761.09,762.2,-0.0014563106796116683
2016-09-15,AMZN,769.69,762.0,0.010091863517060439
2016-09-16,AMZN,778.52,773.28,0.006776329402027738
2016-09-19,AMZN,775.1,779.97,-0.006243829890893245
2016-09-20,AMZN,780.22,776.0,0.005438144329896942
2016-09-21,AMZN,789.74,783.25,0.008285987871050123
2016-09-22,AMZN,804.7,794.27,0.013131554760975567
2016-09-23,AMZN,805.75,803.13,0.003262236499694949
2016-09-26,AMZN,799.16,801.8,-0.003292591668745306
2016-09-27,AMZN,816.11,801.85,0.017783874789549157
2016-09-28,AMZN,828.72,818.0,0.013105134474327661
2016-09-29,AMZN,829.05,828.26,0.0009538067756501142
2016-09-30,AMZN,837.31,832.61,0.005644899773002885
2016-10-03,AMZN,836.74,836.0,0.0008851674641148434
2016-10-04,AMZN,834.03,840.91,-0.00818161277663483
2016-10-05,AMZN,844.36,838.0,0.007589498806682594
2016-10-06,AMZN,841.66,843.7,-0.00241792106198895
2016-10-07,AMZN,839.43,845.79,-0.007519597063100786
2016-10-10,AMZN,841.71,843.25,-0.0018262674177289815
2016-10-11,AMZN,831.0,841.02,-0.011914104301919077
2016-10-12,AMZN,834.09,834.0,0.00010791366906478637
2016-10-13,AMZN,829.28,829.0,0.00033775633293120955
2016-10-14,AMZN,822.96,835.08,-0.014513579537289845
2016-10-17,AMZN,812.95,821.5,-0.010407790626901952
2016-10-18,AMZN,817.65,822.11,-0.005425064772354109
2016-10-19,AMZN,817.69,820.4,-0.003303266699171042
2016-10-20,AMZN,810.32,813.99,-0.004508654897480263
2016-10-21,AMZN,818.99,809.36,0.01189829000691904
2016-10-24,AMZN,838.09,824.95,0.015928238075034833
2016-10-25,AMZN,835.18,839.3,-0.004908852615274639
2016-10-26,AMZN,822.59,832.76,-0.012212402132667227
2016-10-27,AMZN,818.36,831.24,-0.015494923247196953
2016-10-28,AMZN,776.32,782.0,-0.007263427109974361
2016-10-31,AMZN,789.82,781.03,0.011254369230375373
2016-11-01,AMZN,785.41,799.0,-0.017008760951189025
2016-11-02,AMZN,765.56,783.93,-0.023433214700292124
2016-11-03,AMZN,767.03,765.05,0.0025880661394680326
2016-11-04,AMZN,755.05,762.79,-0.010146960500268762
2016-11-07,AMZN,784.93,771.64,0.017223057384272412
2016-11-08,AMZN,787.75,784.97,0.003541536619233821
2016-11-09,AMZN,771.88,764.0,0.010314136125654445
2016-11-10,AMZN,742.38,778.81,-0.046776492340878974
2016-11-11,AMZN,739.01,735.73,0.004458157204409189
2016-11-14,AMZN,719.07,745.51,-0.035465654384246946
2016-11-15,AMZN,743.24,730.0,0.018136986301369874
2016-11-16,AMZN,746.49,739.88,0.008933881169919465
2016-11-17,AMZN,756.4,749.32,0.009448566700475
2016-11-18,AMZN,760.16,761.0,-0.0011038107752957054
2016-11-21,AMZN,780.0,766.0,0.018276762402088774
2016-11-22,AMZN,785.33,788.17,-0.0036032835555780077
2016-11-23,AMZN,780.12,781.73,-0.002059534621928305
2016-11-25,AMZN,780.37,786.5,-0.007794024157660516
2016-11-28,AMZN,766.77,776.99,-0.01315332243658223
2016-11-29,AMZN,762.52,768.0,-0.00713541666666669
2016-11-30,AMZN,750.57,762.0,-0.014999999999999934
2016-12-01,AMZN,743.65,752.41,-0.011642588482343392
2016-12-02,AMZN,740.34,743.4,-0.0041162227602904835
2016-12-05,AMZN,759.36,745.0,0.019275167785234918
2016-12-06,AMZN,764.72,763.99,0.0009555098888729148
2016-12-07,AMZN,770.42,764.55,0.00767771891962593
2016-12-08,AMZN,767.33,771.87,-0.0058818194773730854
2016-12-09,AMZN,768.66,770.0,-0.0017402597402597815
2016-12-12,AMZN,760.12,766.4,-0.00819415448851771
2016-12-13,AMZN,774.34,764.96,0.012262079062957534
2016-12-14,AMZN,768.82,778.25,-0.012116929007388307
2016-12-15,AMZN,761.0,766.28,-0.006890431695985766
2016-12-16,AMZN,757.77,765.0,-0.009450980392156886
2016-12-19,AMZN,766.0,758.89,0.009368946751176077
2016-12-20,AMZN,771.22,768.65,0.003343524360892539
2016-12-21,AMZN,770.6,770.0,0.0007792207792208087
2016-12-22,AMZN,766.34,768.12,-0.0023173462479820508
2016-12-23,AMZN,760.59,764.55,-0.005179517363154696
2016-12-27,AMZN,771.4,763.4,0.01047943411055803
2016-12-28,AMZN,772.13,776.25,-0.005307568438003226
2016-12-29,AMZN,765.15,772.4,-0.00938632832729156
2016-12-30,AMZN,749.87,766.47,-0.021657729591503937
