Name,Date,Close
GOOGL,2006-01-03,217.83
GOOGL,2006-01-04,222.84
GOOGL,2006-01-05,225.85
GOOGL,2006-01-06,233.06
GOOGL,2006-01-09,233.68
GOOGL,2006-01-10,235.11
GOOGL,2006-01-11,236.05
GOOGL,2006-01-12,232.05
GOOGL,2006-01-13,233.36
GOOGL,2006-01-17,233.79
GOOGL,2006-01-18,222.68
GOOGL,2006-01-19,218.44
GOOGL,2006-01-20,199.93
GOOGL,2006-01-23,213.96
GOOGL,2006-01-24,221.74
GOOGL,2006-01-25,216.72
GOOGL,2006-01-26,217.35
GOOGL,2006-01-27,216.96
GOOGL,2006-01-30,213.62
GOOGL,2006-01-31,216.55
GOOGL,2006-02-01,201.09
GOOGL,2006-02-02,198.22
GOOGL,2006-02-03,190.97
GOOGL,2006-02-06,192.74
GOOGL,2006-02-07,184.14
GOOGL,2006-02-08,184.72
GOOGL,2006-02-09,179.56
GOOGL,2006-02-10,181.49
GOOGL,2006-02-13,173.02
GOOGL,2006-02-14,171.83
GOOGL,2006-02-15,171.36
GOOGL,2006-02-16,183.41
GOOGL,2006-02-17,184.56
GOOGL,2006-02-21,183.48
GOOGL,2006-02-22,182.93
GOOGL,2006-02-23,189.22
GOOGL,2006-02-24,188.89
GOOGL,2006-02-27,195.38
GOOGL,2006-02-28,181.49
GOOGL,2006-03-01,182.58
GOOGL,2006-03-02,188.41
GOOGL,2006-03-03,189.28
GOOGL,2006-03-06,184.23
GOOGL,2006-03-07,182.41
GOOGL,2006-03-08,177.12
GOOGL,2006-03-09,171.67
GOOGL,2006-03-10,168.92
GOOGL,2006-03-13,168.7
GOOGL,2006-03-14,175.76
GOOGL,2006-03-15,172.42
GOOGL,2006-03-16,169.55
GOOGL,2006-03-17,170.06
GOOGL,2006-03-20,174.27
GOOGL,2006-03-21,170.13
GOOGL,2006-03-22,170.28
GOOGL,2006-03-23,171.12
GOOGL,2006-03-24,183.08
GOOGL,2006-03-27,185.03
GOOGL,2006-03-28,188.79
GOOGL,2006-03-29,197.69
GOOGL,2006-03-30,194.41
GOOGL,2006-03-31,195.19
GOOGL,2006-04-03,195.04
GOOGL,2006-04-04,202.37
GOOGL,2006-04-05,204.2
GOOGL,2006-04-06,205.8
GOOGL,2006-04-07,203.28
GOOGL,2006-04-10,208.4
GOOGL,2006-04-11,205.03
GOOGL,2006-04-12,204.68
GOOGL,2006-04-13,201.28
GOOGL,2006-04-17,203.61
GOOGL,2006-04-18,202.32
GOOGL,2006-04-19,205.46
GOOGL,2006-04-20,207.71
GOOGL,2006-04-21,218.77
GOOGL,2006-04-24,220.47
GOOGL,2006-04-25,213.79
GOOGL,2006-04-26,213.2
GOOGL,2006-04-27,210.23
GOOGL,2006-04-28,209.18
GOOGL,2006-05-01,199.65
GOOGL,2006-05-02,197.6
GOOGL,2006-05-03,197.28
GOOGL,2006-05-04,197.57
GOOGL,2006-05-05,197.35
GOOGL,2006-05-08,197.59
GOOGL,2006-05-09,204.6
GOOGL,2006-05-10,201.69
GOOGL,2006-05-11,193.69
GOOGL,2006-05-12,187.25
GOOGL,2006-05-15,188.29
GOOGL,2006-05-16,185.84
GOOGL,2006-05-17,187.44
GOOGL,2006-05-18,185.68
GOOGL,2006-05-19,185.2
GOOGL,2006-05-22,185.66
GOOGL,2006-05-23,187.98
GOOGL,2006-05-24,190.82
GOOGL,2006-05-25,191.69
GOOGL,2006-05-26,190.87
GOOGL,2006-05-30,186.16
GOOGL,2006-05-31,186.1
GOOGL,2006-06-01,191.5
GOOGL,2006-06-02,189.91
GOOGL,2006-06-05,187.41
GOOGL,2006-06-06,195.19
GOOGL,2006-06-07,193.45
GOOGL,2006-06-08,196.85
GOOGL,2006-06-09,193.48
GOOGL,2006-06-12,190.96
GOOGL,2006-06-13,193.46
GOOGL,2006-06-14,192.39
GOOGL,2006-06-15,195.7
GOOGL,2006-06-16,195.55
GOOGL,2006-06-19,194.26
GOOGL,2006-06-20,193.78
GOOGL,2006-06-21,201.27
GOOGL,2006-06-22,200.17
GOOGL,2006-06-23,202.63
GOOGL,2006-06-26,202.31
GOOGL,2006-06-27,201.36
GOOGL,2006-06-28,203.26
GOOGL,2006-06-29,209.11
GOOGL,2006-06-30,209.87
GOOGL,2006-07-03,211.81
GOOGL,2006-07-05,210.94
GOOGL,2006-07-06,211.81
GOOGL,2006-07-07,210.44
GOOGL,2006-07-10,209.31
GOOGL,2006-07-11,212.49
GOOGL,2006-07-12,208.83
GOOGL,2006-07-13,204.62
GOOGL,2006-07-14,201.95
GOOGL,2006-07-17,204.15
GOOGL,2006-07-18,201.73
GOOGL,2006-07-19,199.7
GOOGL,2006-07-20,193.75
GOOGL,2006-07-21,195.25
GOOGL,2006-07-24,195.65
GOOGL,2006-07-25,194.87
GOOGL,2006-07-26,192.94
GOOGL,2006-07-27,191.39
GOOGL,2006-07-28,194.25
GOOGL,2006-07-31,193.49
GOOGL,2006-08-01,187.94
GOOGL,2006-08-02,183.8
GOOGL,2006-08-03,187.88
GOOGL,2006-08-04,187.11
GOOGL,2006-08-07,189.16
GOOGL,2006-08-08,190.69
GOOGL,2006-08-09,188.66
GOOGL,2006-08-10,187.29
GOOGL,2006-08-11,184.43
GOOGL,2006-08-14,184.9
GOOGL,2006-08-15,190.68
GOOGL,2006-08-16,194.05
GOOGL,2006-08-17,193.09
GOOGL,2006-08-18,191.87
GOOGL,2006-08-21,188.84
GOOGL,2006-08-22,189.33
GOOGL,2006-08-23,186.9
GOOGL,2006-08-24,187.05
GOOGL,2006-08-25,186.82
GOOGL,2006-08-28,190.67
GOOGL,2006-08-29,189.66
GOOGL,2006-08-30,190.57
GOOGL,2006-08-31,189.45
GOOGL,2006-09-01,189.49
GOOGL,2006-09-05,192.37
GOOGL,2006-09-06,190.26
GOOGL,2006-09-07,189.43
GOOGL,2006-09-08,189.11
GOOGL,2006-09-11,192.24
GOOGL,2006-09-12,196.15
GOOGL,2006-09-13,203.49
GOOGL,2006-09-14,202.19
GOOGL,2006-09-15,205.14
GOOGL,2006-09-18,207.55
GOOGL,2006-09-19,202.11
GOOGL,2006-09-20,198.7
GOOGL,2006-09-21,203.63
GOOGL,2006-09-22,202.09
GOOGL,2006-09-25,202.19
GOOGL,2006-09-26,203.64
GOOGL,2006-09-27,201.66
GOOGL,2006-09-28,201.99
GOOGL,2006-09-29,201.15
GOOGL,2006-10-02,200.92
GOOGL,2006-10-03,202.22
GOOGL,2006-10-04,208.06
GOOGL,2006-10-05,206.11
GOOGL,2006-10-06,210.46
GOOGL,2006-10-09,214.71
GOOGL,2006-10-10,213.54
GOOGL,2006-10-11,213.46
GOOGL,2006-10-12,213.93
GOOGL,2006-10-13,213.86
GOOGL,2006-10-16,211.09
GOOGL,2006-10-17,210.53
GOOGL,2006-10-18,209.86
GOOGL,2006-10-19,213.24
GOOGL,2006-10-20,230.06
GOOGL,2006-10-23,240.63
GOOGL,2006-10-24,236.89
GOOGL,2006-10-25,243.54
GOOGL,2006-10-26,242.79
GOOGL,2006-10-27,237.84
GOOGL,2006-10-30,238.52
GOOGL,2006-10-31,238.43
GOOGL,2006-11-01,233.98
GOOGL,2006-11-02,235.19
GOOGL,2006-11-03,236.13
GOOGL,2006-11-06,238.71
GOOGL,2006-11-07,236.52
GOOGL,2006-11-08,237.74
GOOGL,2006-11-09,236.55
GOOGL,2006-11-10,237.01
GOOGL,2006-11-13,240.76
GOOGL,2006-11-14,244.89
GOOGL,2006-11-15,246.21
GOOGL,2006-11-16,248.2
GOOGL,2006-11-17,249.64
GOOGL,2006-11-20,247.77
GOOGL,2006-11-21,255.08
GOOGL,2006-11-22,254.26
GOOGL,2006-11-24,252.8
GOOGL,2006-11-27,242.62
GOOGL,2006-11-28,244.99
GOOGL,2006-11-29,242.57
GOOGL,2006-11-30,242.65
GOOGL,2006-12-01,240.64
GOOGL,2006-12-04,242.67
GOOGL,2006-12-05,243.74
GOOGL,2006-12-06,244.6
GOOGL,2006-12-07,241.56
GOOGL,2006-12-08,242.3
GOOGL,2006-12-11,242.21
GOOGL,2006-12-12,241.13
GOOGL,2006-12-13,239.73
GOOGL,2006-12-14,241.3
GOOGL,2006-12-15,240.39
GOOGL,2006-12-18,231.63
GOOGL,2006-12-19,234.55
GOOGL,2006-12-20,231.68
GOOGL,2006-12-21,228.33
GOOGL,2006-12-22,228.02
GOOGL,2006-12-26,228.99
GOOGL,2006-12-27,234.25
GOOGL,2006-12-28,231.51
GOOGL,2006-12-29,230.47
GOOGL,2007-01-03,234.03
GOOGL,2007-01-04,241.87
GOOGL,2007-01-05,243.84
GOOGL,2007-01-08,242.03
GOOGL,2007-01-09,242.99
GOOGL,2007-01-10,244.97
GOOGL,2007-01-11,250.11
GOOGL,2007-01-12,252.75
GOOGL,2007-01-16,252.39
GOOGL,2007-01-17,248.89
GOOGL,2007-01-18,244.16
GOOGL,2007-01-19,245.12
GOOGL,2007-01-22,240.66
GOOGL,2007-01-23,239.76
GOOGL,2007-01-24,249.78
GOOGL,2007-01-25,244.29
GOOGL,2007-01-26,248.17
GOOGL,2007-01-29,246.48
GOOGL,2007-01-30,247.41
GOOGL,2007-01-31,251.0
GOOGL,2007-02-01,241.12
GOOGL,2007-02-02,240.99
GOOGL,2007-02-05,233.81
GOOGL,2007-02-06,235.98
GOOGL,2007-02-07,235.24
GOOGL,2007-02-08,235.75
GOOGL,2007-02-09,231.18
GOOGL,2007-02-12,229.37
GOOGL,2007-02-13,229.78
GOOGL,2007-02-14,233.2
GOOGL,2007-02-15,230.97
GOOGL,2007-02-16,235.2
GOOGL,2007-02-20,236.29
GOOGL,2007-02-21,238.17
GOOGL,2007-02-22,238.16
GOOGL,2007-02-23,235.55
GOOGL,2007-02-26,232.7
GOOGL,2007-02-27,224.61
GOOGL,2007-02-28,224.95
GOOGL,2007-03-01,224.34
GOOGL,2007-03-02,219.56
GOOGL,2007-03-05,220.69
GOOGL,2007-03-06,229.0
GOOGL,2007-03-07,228.05
GOOGL,2007-03-08,227.59
GOOGL,2007-03-09,226.71
GOOGL,2007-03-12,227.6
GOOGL,2007-03-13,221.74
GOOGL,2007-03-14,224.22
GOOGL,2007-03-15,223.32
GOOGL,2007-03-16,220.65
GOOGL,2007-03-19,223.84
GOOGL,2007-03-20,222.86
GOOGL,2007-03-21,228.5
GOOGL,2007-03-22,231.25
GOOGL,2007-03-23,231.15
GOOGL,2007-03-26,232.73
GOOGL,2007-03-27,232.04
GOOGL,2007-03-28,231.17
GOOGL,2007-03-29,230.69
GOOGL,2007-03-30,229.31
GOOGL,2007-04-02,229.49
GOOGL,2007-04-03,236.54
GOOGL,2007-04-04,235.75
GOOGL,2007-04-05,235.99
GOOGL,2007-04-09,234.34
GOOGL,2007-04-10,233.48
GOOGL,2007-04-11,232.5
GOOGL,2007-04-12,233.93
GOOGL,2007-04-13,233.38
GOOGL,2007-04-16,237.37
GOOGL,2007-04-17,236.64
GOOGL,2007-04-18,238.24
GOOGL,2007-04-19,236.06
GOOGL,2007-04-20,241.48
GOOGL,2007-04-23,239.78
GOOGL,2007-04-24,239.0
GOOGL,2007-04-25,239.23
GOOGL,2007-04-26,240.83
GOOGL,2007-04-27,239.74
GOOGL,2007-04-30,235.93
GOOGL,2007-05-01,234.73
GOOGL,2007-05-02,233.12
GOOGL,2007-05-03,236.85
GOOGL,2007-05-04,235.8
GOOGL,2007-05-07,233.87
GOOGL,2007-05-08,233.64
GOOGL,2007-05-09,234.86
GOOGL,2007-05-10,230.97
GOOGL,2007-05-11,233.6
GOOGL,2007-05-14,231.12
GOOGL,2007-05-15,229.23
GOOGL,2007-05-16,236.54
GOOGL,2007-05-17,235.72
GOOGL,2007-05-18,235.4
GOOGL,2007-05-21,235.54
GOOGL,2007-05-22,238.17
GOOGL,2007-05-23,237.22
GOOGL,2007-05-24,237.4
GOOGL,2007-05-25,242.0
GOOGL,2007-05-29,243.8
GOOGL,2007-05-30,249.55
GOOGL,2007-05-31,249.2
GOOGL,2007-06-01,250.45
GOOGL,2007-06-04,253.79
GOOGL,2007-06-05,259.68
GOOGL,2007-06-06,259.38
GOOGL,2007-06-07,257.79
GOOGL,2007-06-08,258.0
GOOGL,2007-06-11,255.93
GOOGL,2007-06-12,252.64
GOOGL,2007-06-13,252.87
GOOGL,2007-06-14,251.67
GOOGL,2007-06-15,253.2
GOOGL,2007-06-18,257.86
GOOGL,2007-06-19,257.41
GOOGL,2007-06-20,255.24
GOOGL,2007-06-21,257.31
GOOGL,2007-06-22,262.75
GOOGL,2007-06-25,263.97
GOOGL,2007-06-26,265.4
GOOGL,2007-06-27,263.41
GOOGL,2007-06-28,262.77
GOOGL,2007-06-29,261.61
GOOGL,2007-07-02,265.46
GOOGL,2007-07-03,267.44
GOOGL,2007-07-05,271.09
GOOGL,2007-07-06,269.97
GOOGL,2007-07-09,271.55
GOOGL,2007-07-10,271.94
GOOGL,2007-07-11,272.51
GOOGL,2007-07-12,272.94
GOOGL,2007-07-13,276.36
GOOGL,2007-07-16,276.77
GOOGL,2007-07-17,277.78
GOOGL,2007-07-18,275.02
GOOGL,2007-07-19,274.57
GOOGL,2007-07-20,260.32
GOOGL,2007-07-23,256.51
GOOGL,2007-07-24,257.26
GOOGL,2007-07-25,255.13
GOOGL,2007-07-26,254.25
GOOGL,2007-07-27,256.2
GOOGL,2007-07-30,258.31
GOOGL,2007-07-31,255.25
GOOGL,2007-08-01,256.73
GOOGL,2007-08-02,255.76
GOOGL,2007-08-03,251.75
GOOGL,2007-08-06,255.25
GOOGL,2007-08-07,258.27
GOOGL,2007-08-08,263.15
GOOGL,2007-08-09,257.62
GOOGL,2007-08-10,258.13
GOOGL,2007-08-13,258.01
GOOGL,2007-08-14,254.55
GOOGL,2007-08-15,249.02
GOOGL,2007-08-16,246.01
GOOGL,2007-08-17,250.27
GOOGL,2007-08-20,249.21
GOOGL,2007-08-21,253.56
GOOGL,2007-08-22,256.63
GOOGL,2007-08-23,256.35
GOOGL,2007-08-24,257.76
GOOGL,2007-08-27,256.89
GOOGL,2007-08-28,253.45
GOOGL,2007-08-29,256.7
GOOGL,2007-08-30,255.96
GOOGL,2007-08-31,257.88
GOOGL,2007-09-04,262.84
GOOGL,2007-09-05,264.16
GOOGL,2007-09-06,262.02
GOOGL,2007-09-07,259.93
GOOGL,2007-09-10,257.5
GOOGL,2007-09-11,260.93
GOOGL,2007-09-12,261.59
GOOGL,2007-09-13,262.65
GOOGL,2007-09-14,264.64
GOOGL,2007-09-17,262.91
GOOGL,2007-09-18,267.9
GOOGL,2007-09-19,273.7
GOOGL,2007-09-20,276.69
GOOGL,2007-09-21,280.33
GOOGL,2007-09-24,284.29
GOOGL,2007-09-25,284.78
GOOGL,2007-09-26,284.36
GOOGL,2007-09-27,284.03
GOOGL,2007-09-28,283.92
GOOGL,2007-10-01,291.57
GOOGL,2007-10-02,292.49
GOOGL,2007-10-03,292.3
GOOGL,2007-10-04,289.8
GOOGL,2007-10-05,297.32
GOOGL,2007-10-08,305.11
GOOGL,2007-10-09,307.9
GOOGL,2007-10-10,313.01
GOOGL,2007-10-11,311.31
GOOGL,2007-10-12,319.01
GOOGL,2007-10-15,310.37
GOOGL,2007-10-16,308.31
GOOGL,2007-10-17,317.06
GOOGL,2007-10-18,320.13
GOOGL,2007-10-19,322.68
GOOGL,2007-10-22,325.7
GOOGL,2007-10-23,338.22
GOOGL,2007-10-24,338.25
GOOGL,2007-10-25,334.59
GOOGL,2007-10-26,337.64
GOOGL,2007-10-29,339.95
GOOGL,2007-10-30,347.73
GOOGL,2007-10-31,353.85
GOOGL,2007-11-01,351.96
GOOGL,2007-11-02,355.98
GOOGL,2007-11-05,363.19
GOOGL,2007-11-06,371.27
GOOGL,2007-11-07,366.84
GOOGL,2007-11-08,347.27
GOOGL,2007-11-09,332.32
GOOGL,2007-11-12,316.35
GOOGL,2007-11-13,330.61
GOOGL,2007-11-14,321.16
GOOGL,2007-11-15,315.14
GOOGL,2007-11-16,317.13
GOOGL,2007-11-19,313.24
GOOGL,2007-11-20,324.59
GOOGL,2007-11-21,330.59
GOOGL,2007-11-23,338.69
GOOGL,2007-11-26,333.3
GOOGL,2007-11-27,337.12
GOOGL,2007-11-28,346.48
GOOGL,2007-11-29,348.85
GOOGL,2007-11-30,346.85
GOOGL,2007-12-03,341.11
GOOGL,2007-12-04,342.42
GOOGL,2007-12-05,349.6
GOOGL,2007-12-06,357.99
GOOGL,2007-12-07,357.79
GOOGL,2007-12-10,359.57
GOOGL,2007-12-11,349.95
GOOGL,2007-12-12,350.02
GOOGL,2007-12-13,347.37
GOOGL,2007-12-14,345.32
GOOGL,2007-12-17,334.95
GOOGL,2007-12-18,337.01
GOOGL,2007-12-19,339.02
GOOGL,2007-12-20,345.19
GOOGL,2007-12-21,348.69
GOOGL,2007-12-24,350.72
GOOGL,2007-12-26,355.78
GOOGL,2007-12-27,350.72
GOOGL,2007-12-28,351.62
GOOGL,2007-12-31,346.09
GOOGL,2008-01-02,342.94
GOOGL,2008-01-03,343.01
GOOGL,2008-01-04,328.83
GOOGL,2008-01-07,324.95
GOOGL,2008-01-08,316.16
GOOGL,2008-01-09,326.93
GOOGL,2008-01-10,323.69
GOOGL,2008-01-11,319.44
GOOGL,2008-01-14,327.24
GOOGL,2008-01-15,319.14
GOOGL,2008-01-16,308.28
GOOGL,2008-01-17,300.7
GOOGL,2008-01-18,300.43
GOOGL,2008-01-22,292.47
GOOGL,2008-01-23,274.58
GOOGL,2008-01-24,287.53
GOOGL,2008-01-25,283.48
GOOGL,2008-01-28,278.27
GOOGL,2008-01-29,275.54
GOOGL,2008-01-30,274.41
GOOGL,2008-01-31,282.43
GOOGL,2008-02-01,258.21
GOOGL,2008-02-04,247.96
GOOGL,2008-02-05,253.65
GOOGL,2008-02-06,251.11
GOOGL,2008-02-07,252.73
GOOGL,2008-02-08,258.6
GOOGL,2008-02-11,260.84
GOOGL,2008-02-12,259.3
GOOGL,2008-02-13,267.58
GOOGL,2008-02-14,266.39
GOOGL,2008-02-15,265.08
GOOGL,2008-02-19,254.73
GOOGL,2008-02-20,254.75
GOOGL,2008-02-21,251.68
GOOGL,2008-02-22,254.15
GOOGL,2008-02-25,243.46
GOOGL,2008-02-26,232.33
GOOGL,2008-02-27,236.67
GOOGL,2008-02-28,237.93
GOOGL,2008-02-29,235.83
GOOGL,2008-03-03,228.74
GOOGL,2008-03-04,222.52
GOOGL,2008-03-05,224.07
GOOGL,2008-03-06,216.57
GOOGL,2008-03-07,216.89
GOOGL,2008-03-10,207.02
GOOGL,2008-03-11,220.14
GOOGL,2008-03-12,220.31
GOOGL,2008-03-13,221.73
GOOGL,2008-03-14,219.18
GOOGL,2008-03-17,210.14
GOOGL,2008-03-18,219.8
GOOGL,2008-03-19,216.22
GOOGL,2008-03-20,216.99
GOOGL,2008-03-24,230.51
GOOGL,2008-03-25,225.62
GOOGL,2008-03-26,229.32
GOOGL,2008-03-27,222.26
GOOGL,2008-03-28,219.26
GOOGL,2008-03-31,220.46
GOOGL,2008-04-01,233.09
GOOGL,2008-04-02,233.08
GOOGL,2008-04-03,227.79
GOOGL,2008-04-04,235.78
GOOGL,2008-04-07,238.65
GOOGL,2008-04-08,234.14
GOOGL,2008-04-09,232.33
GOOGL,2008-04-10,234.78
GOOGL,2008-04-11,228.95
GOOGL,2008-04-14,226.06
GOOGL,2008-04-15,223.64
GOOGL,2008-04-16,227.74
GOOGL,2008-04-17,224.99
GOOGL,2008-04-18,269.97
GOOGL,2008-04-21,269.16
GOOGL,2008-04-22,277.78
GOOGL,2008-04-23,273.52
GOOGL,2008-04-24,271.79
GOOGL,2008-04-25,272.3
GOOGL,2008-04-28,276.34
GOOGL,2008-04-29,279.51
GOOGL,2008-04-30,287.43
GOOGL,2008-05-01,296.84
GOOGL,2008-05-02,290.94
GOOGL,2008-05-05,297.75
GOOGL,2008-05-06,293.47
GOOGL,2008-05-07,289.79
GOOGL,2008-05-08,291.8
GOOGL,2008-05-09,286.9
GOOGL,2008-05-12,292.76
GOOGL,2008-05-13,291.79
GOOGL,2008-05-14,288.44
GOOGL,2008-05-15,290.79
GOOGL,2008-05-16,290.33
GOOGL,2008-05-19,289.05
GOOGL,2008-05-20,289.59
GOOGL,2008-05-21,275.27
GOOGL,2008-05-22,275.0
GOOGL,2008-05-23,272.58
GOOGL,2008-05-27,280.73
GOOGL,2008-05-28,284.4
GOOGL,2008-05-29,291.79
GOOGL,2008-05-30,293.19
GOOGL,2008-06-02,287.79
GOOGL,2008-06-03,283.93
GOOGL,2008-06-04,286.4
GOOGL,2008-06-05,293.44
GOOGL,2008-06-06,283.78
GOOGL,2008-06-09,279.21
GOOGL,2008-06-10,277.36
GOOGL,2008-06-11,272.87
GOOGL,2008-06-12,276.75
GOOGL,2008-06-13,286.04
GOOGL,2008-06-16,286.69
GOOGL,2008-06-17,285.01
GOOGL,2008-06-18,281.47
GOOGL,2008-06-19,280.38
GOOGL,2008-06-20,273.49
GOOGL,2008-06-23,272.88
GOOGL,2008-06-24,271.42
GOOGL,2008-06-25,275.78
GOOGL,2008-06-26,264.67
GOOGL,2008-06-27,264.3
GOOGL,2008-06-30,263.47
GOOGL,2008-07-01,267.63
GOOGL,2008-07-02,263.78
GOOGL,2008-07-03,268.77
GOOGL,2008-07-07,272.23
GOOGL,2008-07-08,277.54
GOOGL,2008-07-09,271.05
GOOGL,2008-07-10,270.56
GOOGL,2008-07-11,267.17
GOOGL,2008-07-14,261.07
GOOGL,2008-07-15,258.3
GOOGL,2008-07-16,268.07
GOOGL,2008-07-17,266.99
GOOGL,2008-07-18,240.9
GOOGL,2008-07-21,234.63
GOOGL,2008-07-22,238.79
GOOGL,2008-07-23,244.85
GOOGL,2008-07-24,238.05
GOOGL,2008-07-25,246.24
GOOGL,2008-07-28,238.8
GOOGL,2008-07-29,241.8
GOOGL,2008-07-30,241.59
GOOGL,2008-07-31,237.11
GOOGL,2008-08-01,234.16
GOOGL,2008-08-04,231.73
GOOGL,2008-08-05,240.16
GOOGL,2008-08-06,243.41
GOOGL,2008-08-07,239.8
GOOGL,2008-08-08,247.75
GOOGL,2008-08-11,250.67
GOOGL,2008-08-12,251.56
GOOGL,2008-08-13,250.27
GOOGL,2008-08-14,253.0
GOOGL,2008-08-15,255.33
GOOGL,2008-08-18,249.4
GOOGL,2008-08-19,245.5
GOOGL,2008-08-20,242.74
GOOGL,2008-08-21,243.51
GOOGL,2008-08-22,245.54
GOOGL,2008-08-25,241.75
GOOGL,2008-08-26,237.32
GOOGL,2008-08-27,234.52
GOOGL,2008-08-28,237.13
GOOGL,2008-08-29,231.88
GOOGL,2008-09-02,232.86
GOOGL,2008-09-03,232.44
GOOGL,2008-09-04,225.36
GOOGL,2008-09-05,222.35
GOOGL,2008-09-08,210.18
GOOGL,2008-09-09,209.54
GOOGL,2008-09-10,207.29
GOOGL,2008-09-11,217.09
GOOGL,2008-09-12,219.05
GOOGL,2008-09-15,217.15
GOOGL,2008-09-16,221.69
GOOGL,2008-09-17,207.45
GOOGL,2008-09-18,219.76
GOOGL,2008-09-19,224.8
GOOGL,2008-09-22,215.29
GOOGL,2008-09-23,214.85
GOOGL,2008-09-24,217.77
GOOGL,2008-09-25,220.02
GOOGL,2008-09-26,215.74
GOOGL,2008-09-29,190.69
GOOGL,2008-09-30,200.46
GOOGL,2008-10-01,206.07
GOOGL,2008-10-02,195.44
GOOGL,2008-10-03,193.65
GOOGL,2008-10-06,185.79
GOOGL,2008-10-07,173.18
GOOGL,2008-10-08,169.22
GOOGL,2008-10-09,164.65
GOOGL,2008-10-10,166.17
GOOGL,2008-10-13,190.7
GOOGL,2008-10-14,181.54
GOOGL,2008-10-15,169.75
GOOGL,2008-10-16,176.69
GOOGL,2008-10-17,186.46
GOOGL,2008-10-20,189.85
GOOGL,2008-10-21,181.56
GOOGL,2008-10-22,178.01
GOOGL,2008-10-23,176.34
GOOGL,2008-10-24,169.81
GOOGL,2008-10-27,164.91
GOOGL,2008-10-28,184.56
GOOGL,2008-10-29,179.18
GOOGL,2008-10-30,180.02
GOOGL,2008-10-31,179.86
GOOGL,2008-11-03,173.42
GOOGL,2008-11-04,183.65
GOOGL,2008-11-05,171.29
GOOGL,2008-11-06,165.78
GOOGL,2008-11-07,165.74
GOOGL,2008-11-10,159.55
GOOGL,2008-11-11,155.89
GOOGL,2008-11-12,145.65
GOOGL,2008-11-13,156.2
GOOGL,2008-11-14,155.17
GOOGL,2008-11-17,150.21
GOOGL,2008-11-18,148.86
GOOGL,2008-11-19,140.23
GOOGL,2008-11-20,129.91
GOOGL,2008-11-21,131.35
GOOGL,2008-11-24,128.85
GOOGL,2008-11-25,141.17
GOOGL,2008-11-26,146.19
GOOGL,2008-11-28,146.63
GOOGL,2008-12-01,133.13
GOOGL,2008-12-02,137.69
GOOGL,2008-12-03,139.85
GOOGL,2008-12-04,137.31
GOOGL,2008-12-05,142.14
GOOGL,2008-12-08,151.21
GOOGL,2008-12-09,153.14
GOOGL,2008-12-10,154.56
GOOGL,2008-12-11,150.26
GOOGL,2008-12-12,158.04
GOOGL,2008-12-15,155.49
GOOGL,2008-12-16,162.8
GOOGL,2008-12-17,157.78
GOOGL,2008-12-18,155.3
GOOGL,2008-12-19,155.24
GOOGL,2008-12-22,148.7
GOOGL,2008-12-23,149.16
GOOGL,2008-12-24,151.63
GOOGL,2008-12-26,150.33
GOOGL,2008-12-29,148.86
GOOGL,2008-12-30,151.71
GOOGL,2008-12-31,153.98
GOOGL,2009-01-02,160.82
GOOGL,2009-01-05,164.19
GOOGL,2009-01-06,167.2
GOOGL,2009-01-07,161.17
GOOGL,2009-01-08,162.76
GOOGL,2009-01-09,157.69
GOOGL,2009-01-12,156.5
GOOGL,2009-01-13,157.32
GOOGL,2009-01-14,150.64
GOOGL,2009-01-15,149.64
GOOGL,2009-01-16,149.98
GOOGL,2009-01-20,141.52
GOOGL,2009-01-21,151.69
GOOGL,2009-01-22,153.4
GOOGL,2009-01-23,162.51
GOOGL,2009-01-26,162.1
GOOGL,2009-01-27,165.91
GOOGL,2009-01-28,174.51
GOOGL,2009-01-29,171.83
GOOGL,2009-01-30,169.43
GOOGL,2009-02-02,170.46
GOOGL,2009-02-03,170.4
GOOGL,2009-02-04,171.67
GOOGL,2009-02-05,177.04
GOOGL,2009-02-06,185.83
GOOGL,2009-02-09,189.57
GOOGL,2009-02-10,179.43
GOOGL,2009-02-11,179.2
GOOGL,2009-02-12,181.71
GOOGL,2009-02-13,179.02
GOOGL,2009-02-17,171.5
GOOGL,2009-02-18,176.73
GOOGL,2009-02-19,171.49
GOOGL,2009-02-20,173.4
GOOGL,2009-02-23,165.2
GOOGL,2009-02-24,172.9
GOOGL,2009-02-25,170.99
GOOGL,2009-02-26,168.76
GOOGL,2009-02-27,169.16
GOOGL,2009-03-02,163.74
GOOGL,2009-03-03,162.9
GOOGL,2009-03-04,159.62
GOOGL,2009-03-05,152.97
GOOGL,2009-03-06,154.44
GOOGL,2009-03-09,145.59
GOOGL,2009-03-10,154.24
GOOGL,2009-03-11,159.11
GOOGL,2009-03-12,161.93
GOOGL,2009-03-13,162.37
GOOGL,2009-03-16,160.0
GOOGL,2009-03-17,167.84
GOOGL,2009-03-18,166.72
GOOGL,2009-03-19,165.13
GOOGL,2009-03-20,165.25
GOOGL,2009-03-23,174.48
GOOGL,2009-03-24,173.76
GOOGL,2009-03-25,172.21
GOOGL,2009-03-26,176.82
GOOGL,2009-03-27,174.02
GOOGL,2009-03-30,171.52
GOOGL,2009-03-31,174.2
GOOGL,2009-04-01,177.22
GOOGL,2009-04-02,181.43
GOOGL,2009-04-03,185.07
GOOGL,2009-04-06,184.3
GOOGL,2009-04-07,179.5
GOOGL,2009-04-08,181.18
GOOGL,2009-04-09,186.44
GOOGL,2009-04-13,189.24
GOOGL,2009-04-14,184.64
GOOGL,2009-04-15,189.94
GOOGL,2009-04-16,194.56
GOOGL,2009-04-17,196.32
GOOGL,2009-04-20,189.84
GOOGL,2009-04-21,190.93
GOOGL,2009-04-22,192.12
GOOGL,2009-04-23,192.54
GOOGL,2009-04-24,194.94
GOOGL,2009-04-27,193.17
GOOGL,2009-04-28,192.05
GOOGL,2009-04-29,195.93
GOOGL,2009-04-30,198.18
GOOGL,2009-05-01,197.04
GOOGL,2009-05-04,201.19
GOOGL,2009-05-05,201.7
GOOGL,2009-05-06,201.94
GOOGL,2009-05-07,198.5
GOOGL,2009-05-08,203.87
GOOGL,2009-05-11,204.19
GOOGL,2009-05-12,199.7
GOOGL,2009-05-13,194.96
GOOGL,2009-05-14,193.94
GOOGL,2009-05-15,195.2
GOOGL,2009-05-18,198.62
GOOGL,2009-05-19,199.64
GOOGL,2009-05-20,198.79
GOOGL,2009-05-21,198.45
GOOGL,2009-05-22,196.95
GOOGL,2009-05-26,202.38
GOOGL,2009-05-27,202.98
GOOGL,2009-05-28,205.41
GOOGL,2009-05-29,208.82
GOOGL,2009-06-01,213.49
GOOGL,2009-06-02,214.41
GOOGL,2009-06-03,216.04
GOOGL,2009-06-04,220.36
GOOGL,2009-06-05,222.38
GOOGL,2009-06-08,219.6
GOOGL,2009-06-09,218.03
GOOGL,2009-06-10,216.52
GOOGL,2009-06-11,214.71
GOOGL,2009-06-12,212.63
GOOGL,2009-06-15,208.59
GOOGL,2009-06-16,208.21
GOOGL,2009-06-17,207.79
GOOGL,2009-06-18,207.24
GOOGL,2009-06-19,210.26
GOOGL,2009-06-22,203.88
GOOGL,2009-06-23,203.04
GOOGL,2009-06-24,204.85
GOOGL,2009-06-25,208.09
GOOGL,2009-06-26,212.87
GOOGL,2009-06-29,212.28
GOOGL,2009-06-30,211.01
GOOGL,2009-07-01,209.7
GOOGL,2009-07-02,204.45
GOOGL,2009-07-06,205.01
GOOGL,2009-07-07,198.51
GOOGL,2009-07-08,201.45
GOOGL,2009-07-09,205.4
GOOGL,2009-07-10,207.41
GOOGL,2009-07-13,212.36
GOOGL,2009-07-14,212.56
GOOGL,2009-07-15,219.3
GOOGL,2009-07-16,221.52
GOOGL,2009-07-17,215.34
GOOGL,2009-07-20,215.3
GOOGL,2009-07-21,214.16
GOOGL,2009-07-22,214.06
GOOGL,2009-07-23,218.89
GOOGL,2009-07-24,223.58
GOOGL,2009-07-27,222.62
GOOGL,2009-07-28,220.14
GOOGL,2009-07-29,218.34
GOOGL,2009-07-30,223.04
GOOGL,2009-07-31,221.75
GOOGL,2009-08-03,226.33
GOOGL,2009-08-04,227.09
GOOGL,2009-08-05,225.8
GOOGL,2009-08-06,225.41
GOOGL,2009-08-07,228.78
GOOGL,2009-08-10,228.53
GOOGL,2009-08-11,227.2
GOOGL,2009-08-12,229.52
GOOGL,2009-08-13,231.37
GOOGL,2009-08-14,230.23
GOOGL,2009-08-17,222.67
GOOGL,2009-08-18,222.86
GOOGL,2009-08-19,222.21
GOOGL,2009-08-20,230.44
GOOGL,2009-08-21,232.85
GOOGL,2009-08-24,234.6
GOOGL,2009-08-25,235.92
GOOGL,2009-08-26,234.23
GOOGL,2009-08-27,233.26
GOOGL,2009-08-28,232.61
GOOGL,2009-08-31,231.07
GOOGL,2009-09-01,228.11
GOOGL,2009-09-02,226.73
GOOGL,2009-09-03,228.99
GOOGL,2009-09-04,230.88
GOOGL,2009-09-08,229.54
GOOGL,2009-09-09,232.22
GOOGL,2009-09-10,235.71
GOOGL,2009-09-11,236.31
GOOGL,2009-09-14,237.8
GOOGL,2009-09-15,239.01
GOOGL,2009-09-16,244.39
GOOGL,2009-09-17,246.11
GOOGL,2009-09-18,245.98
GOOGL,2009-09-21,248.75
GOOGL,2009-09-22,249.78
GOOGL,2009-09-23,249.48
GOOGL,2009-09-24,248.63
GOOGL,2009-09-25,246.49
GOOGL,2009-09-28,249.51
GOOGL,2009-09-29,249.51
GOOGL,2009-09-30,248.17
GOOGL,2009-10-01,243.84
GOOGL,2009-10-02,242.53
GOOGL,2009-10-05,244.5
GOOGL,2009-10-06,249.62
GOOGL,2009-10-07,259.03
GOOGL,2009-10-08,257.35
GOOGL,2009-10-09,258.38
GOOGL,2009-10-12,262.28
GOOGL,2009-10-13,263.32
GOOGL,2009-10-14,267.93
GOOGL,2009-10-15,265.22
GOOGL,2009-10-16,275.2
GOOGL,2009-10-19,276.32
GOOGL,2009-10-20,276.14
GOOGL,2009-10-21,275.83
GOOGL,2009-10-22,277.32
GOOGL,2009-10-23,277.12
GOOGL,2009-10-26,277.38
GOOGL,2009-10-27,274.42
GOOGL,2009-10-28,270.42
GOOGL,2009-10-29,275.8
GOOGL,2009-10-30,268.33
GOOGL,2009-11-02,267.26
GOOGL,2009-11-03,268.91
GOOGL,2009-11-04,270.44
GOOGL,2009-11-05,274.6
GOOGL,2009-11-06,275.83
GOOGL,2009-11-09,281.54
GOOGL,2009-11-10,283.66
GOOGL,2009-11-11,285.57
GOOGL,2009-11-12,284.21
GOOGL,2009-11-13,286.31
GOOGL,2009-11-16,288.43
GOOGL,2009-11-17,289.03
GOOGL,2009-11-18,288.61
GOOGL,2009-11-19,286.78
GOOGL,2009-11-20,285.27
GOOGL,2009-11-23,291.47
GOOGL,2009-11-24,291.84
GOOGL,2009-11-25,293.16
GOOGL,2009-11-27,290.17
GOOGL,2009-11-30,291.79
GOOGL,2009-12-01,295.23
GOOGL,2009-12-02,294.05
GOOGL,2009-12-03,293.16
GOOGL,2009-12-04,292.8
GOOGL,2009-12-07,293.42
GOOGL,2009-12-08,293.82
GOOGL,2009-12-09,294.8
GOOGL,2009-12-10,296.05
GOOGL,2009-12-11,295.55
GOOGL,2009-12-14,298.16
GOOGL,2009-12-15,296.87
GOOGL,2009-12-16,299.18
GOOGL,2009-12-17,297.27
GOOGL,2009-12-18,298.51
GOOGL,2009-12-21,299.64
GOOGL,2009-12-22,300.86
GOOGL,2009-12-23,306.15
GOOGL,2009-12-24,309.55
GOOGL,2009-12-28,311.75
GOOGL,2009-12-29,310.01
GOOGL,2009-12-30,311.68
GOOGL,2009-12-31,310.3
GOOGL,2010-01-04,313.69
GOOGL,2010-01-05,312.31
GOOGL,2010-01-06,304.43
GOOGL,2010-01-07,297.35
GOOGL,2010-01-08,301.31
GOOGL,2010-01-11,300.86
GOOGL,2010-01-12,295.54
GOOGL,2010-01-13,293.84
GOOGL,2010-01-14,295.22
GOOGL,2010-01-15,290.29
GOOGL,2010-01-19,294.1
GOOGL,2010-01-20,290.5
GOOGL,2010-01-21,291.78
GOOGL,2010-01-22,275.28
GOOGL,2010-01-25,270.27
GOOGL,2010-01-26,271.48
GOOGL,2010-01-27,271.32
GOOGL,2010-01-28,267.41
GOOGL,2010-01-29,265.24
GOOGL,2010-02-01,266.78
GOOGL,2010-02-02,265.83
GOOGL,2010-02-03,270.68
GOOGL,2010-02-04,263.65
GOOGL,2010-02-05,265.91
GOOGL,2010-02-08,267.0
GOOGL,2010-02-09,268.49
GOOGL,2010-02-10,267.49
GOOGL,2010-02-11,268.47
GOOGL,2010-02-12,266.83
GOOGL,2010-02-16,270.92
GOOGL,2010-02-17,269.37
GOOGL,2010-02-18,271.88
GOOGL,2010-02-19,270.65
GOOGL,2010-02-22,271.67
GOOGL,2010-02-23,267.8
GOOGL,2010-02-24,266.0
GOOGL,2010-02-25,263.48
GOOGL,2010-02-26,263.66
GOOGL,2010-03-01,266.61
GOOGL,2010-03-02,270.8
GOOGL,2010-03-03,272.93
GOOGL,2010-03-04,277.57
GOOGL,2010-03-05,282.39
GOOGL,2010-03-08,281.52
GOOGL,2010-03-09,280.38
GOOGL,2010-03-10,288.51
GOOGL,2010-03-11,290.86
GOOGL,2010-03-12,290.06
GOOGL,2010-03-15,281.87
GOOGL,2010-03-16,282.88
GOOGL,2010-03-17,283.06
GOOGL,2010-03-18,283.48
GOOGL,2010-03-19,280.28
GOOGL,2010-03-22,279.03
GOOGL,2010-03-23,274.77
GOOGL,2010-03-24,278.94
GOOGL,2010-03-25,281.72
GOOGL,2010-03-26,281.63
GOOGL,2010-03-29,281.51
GOOGL,2010-03-30,283.64
GOOGL,2010-03-31,283.84
GOOGL,2010-04-05,285.79
GOOGL,2010-04-06,284.39
GOOGL,2010-04-07,282.05
GOOGL,2010-04-08,284.03
GOOGL,2010-04-09,283.39
GOOGL,2010-04-12,286.65
GOOGL,2010-04-13,293.68
GOOGL,2010-04-14,294.79
GOOGL,2010-04-15,297.95
GOOGL,2010-04-16,275.35
GOOGL,2010-04-19,275.33
GOOGL,2010-04-20,277.8
GOOGL,2010-04-21,277.43
GOOGL,2010-04-22,273.8
GOOGL,2010-04-23,272.77
GOOGL,2010-04-26,266.09
GOOGL,2010-04-27,264.8
GOOGL,2010-04-28,264.86
GOOGL,2010-04-29,266.27
GOOGL,2010-04-30,263.11
GOOGL,2010-05-03,265.57
GOOGL,2010-05-04,253.44
GOOGL,2010-05-05,255.13
GOOGL,2010-05-06,249.58
GOOGL,2010-05-07,246.82
GOOGL,2010-05-10,261.09
GOOGL,2010-05-11,254.78
GOOGL,2010-05-12,252.95
GOOGL,2010-05-13,255.7
GOOGL,2010-05-14,254.02
GOOGL,2010-05-17,254.24
GOOGL,2010-05-18,249.43
GOOGL,2010-05-19,247.46
GOOGL,2010-05-20,237.74
GOOGL,2010-05-21,236.26
GOOGL,2010-05-24,238.82
GOOGL,2010-05-25,238.77
GOOGL,2010-05-26,237.97
GOOGL,2010-05-27,245.48
GOOGL,2010-05-28,243.06
GOOGL,2010-06-01,241.43
GOOGL,2010-06-02,246.93
GOOGL,2010-06-03,253.05
GOOGL,2010-06-04,249.61
GOOGL,2010-06-07,243.0
GOOGL,2010-06-08,242.63
GOOGL,2010-06-09,237.25
GOOGL,2010-06-10,243.75
GOOGL,2010-06-11,244.49
GOOGL,2010-06-14,241.84
GOOGL,2010-06-15,249.24
GOOGL,2010-06-16,250.89
GOOGL,2010-06-17,250.29
GOOGL,2010-06-18,250.27
GOOGL,2010-06-21,244.52
GOOGL,2010-06-22,243.37
GOOGL,2010-06-23,241.27
GOOGL,2010-06-24,237.79
GOOGL,2010-06-25,236.58
GOOGL,2010-06-28,236.28
GOOGL,2010-06-29,227.36
GOOGL,2010-06-30,222.7
GOOGL,2010-07-01,219.96
GOOGL,2010-07-02,218.49
GOOGL,2010-07-06,218.25
GOOGL,2010-07-07,225.33
GOOGL,2010-07-08,228.51
GOOGL,2010-07-09,233.98
GOOGL,2010-07-12,238.15
GOOGL,2010-07-13,244.84
GOOGL,2010-07-14,245.91
GOOGL,2010-07-15,247.26
GOOGL,2010-07-16,230.03
GOOGL,2010-07-19,233.32
GOOGL,2010-07-20,241.04
GOOGL,2010-07-21,238.99
GOOGL,2010-07-22,242.65
GOOGL,2010-07-23,245.28
GOOGL,2010-07-26,244.73
GOOGL,2010-07-27,246.56
GOOGL,2010-07-28,242.42
GOOGL,2010-07-29,242.74
GOOGL,2010-07-30,242.67
GOOGL,2010-08-02,245.45
GOOGL,2010-08-03,245.16
GOOGL,2010-08-04,253.41
GOOGL,2010-08-05,254.3
GOOGL,2010-08-06,250.36
GOOGL,2010-08-09,252.93
GOOGL,2010-08-10,252.11
GOOGL,2010-08-11,246.12
GOOGL,2010-08-12,246.25
GOOGL,2010-08-13,243.42
GOOGL,2010-08-16,243.04
GOOGL,2010-08-17,245.51
GOOGL,2010-08-18,241.32
GOOGL,2010-08-19,234.22
GOOGL,2010-08-20,231.24
GOOGL,2010-08-23,232.27
GOOGL,2010-08-24,225.92
GOOGL,2010-08-25,227.54
GOOGL,2010-08-26,225.72
GOOGL,2010-08-27,229.64
GOOGL,2010-08-30,226.57
GOOGL,2010-08-31,225.24
GOOGL,2010-09-01,230.4
GOOGL,2010-09-02,231.82
GOOGL,2010-09-03,235.39
GOOGL,2010-09-07,232.43
GOOGL,2010-09-08,235.53
GOOGL,2010-09-09,238.33
GOOGL,2010-09-10,238.31
GOOGL,2010-09-13,241.38
GOOGL,2010-09-14,240.46
GOOGL,2010-09-15,240.56
GOOGL,2010-09-16,240.77
GOOGL,2010-09-17,245.32
GOOGL,2010-09-20,254.39
GOOGL,2010-09-21,256.99
GOOGL,2010-09-22,258.26
GOOGL,2010-09-23,257.0
GOOGL,2010-09-24,263.91
GOOGL,2010-09-27,265.47
GOOGL,2010-09-28,263.85
GOOGL,2010-09-29,264.11
GOOGL,2010-09-30,263.16
GOOGL,2010-10-01,263.07
GOOGL,2010-10-04,261.44
GOOGL,2010-10-05,269.38
GOOGL,2010-10-06,267.44
GOOGL,2010-10-07,265.27
GOOGL,2010-10-08,268.44
GOOGL,2010-10-11,269.69
GOOGL,2010-10-12,270.97
GOOGL,2010-10-13,271.92
GOOGL,2010-10-14,270.74
GOOGL,2010-10-15,301.03
GOOGL,2010-10-18,309.16
GOOGL,2010-10-19,304.22
GOOGL,2010-10-20,304.29
GOOGL,2010-10-21,306.3
GOOGL,2010-10-22,306.57
GOOGL,2010-10-25,308.56
GOOGL,2010-10-26,309.61
GOOGL,2010-10-27,308.54
GOOGL,2010-10-28,309.6
GOOGL,2010-10-29,307.16
GOOGL,2010-11-01,307.81
GOOGL,2010-11-02,308.11
GOOGL,2010-11-03,310.4
GOOGL,2010-11-04,312.45
GOOGL,2010-11-05,312.85
GOOGL,2010-11-08,313.7
GOOGL,2010-11-09,312.72
GOOGL,2010-11-10,311.75
GOOGL,2010-11-11,308.9
GOOGL,2010-11-12,301.95
GOOGL,2010-11-15,298.03
GOOGL,2010-11-16,292.15
GOOGL,2010-11-17,292.07
GOOGL,2010-11-18,298.58
GOOGL,2010-11-19,295.71
GOOGL,2010-11-22,295.91
GOOGL,2010-11-23,291.8
GOOGL,2010-11-24,297.78
GOOGL,2010-11-26,295.29
GOOGL,2010-11-29,291.35
GOOGL,2010-11-30,278.13
GOOGL,2010-12-01,282.46
GOOGL,2010-12-02,286.2
GOOGL,2010-12-03,286.79
GOOGL,2010-12-06,289.47
GOOGL,2010-12-07,293.86
GOOGL,2010-12-08,295.57
GOOGL,2010-12-09,296.05
GOOGL,2010-12-10,296.4
GOOGL,2010-12-13,297.61
GOOGL,2010-12-14,297.75
GOOGL,2010-12-15,295.45
GOOGL,2010-12-16,296.15
GOOGL,2010-12-17,295.7
GOOGL,2010-12-20,297.83
GOOGL,2010-12-21,301.84
GOOGL,2010-12-22,303.05
GOOGL,2010-12-23,302.42
GOOGL,2010-12-27,301.49
GOOGL,2010-12-28,299.76
GOOGL,2010-12-29,300.8
GOOGL,2010-12-30,299.73
GOOGL,2010-12-31,297.28
GOOGL,2011-01-03,302.48
GOOGL,2011-01-04,301.36
GOOGL,2011-01-05,304.84
GOOGL,2011-01-06,307.06
GOOGL,2011-01-07,308.53
GOOGL,2011-01-10,307.41
GOOGL,2011-01-11,308.31
GOOGL,2011-01-12,308.74
GOOGL,2011-01-13,308.65
GOOGL,2011-01-14,312.4
GOOGL,2011-01-18,320.13
GOOGL,2011-01-19,316.19
GOOGL,2011-01-20,313.7
GOOGL,2011-01-21,306.22
GOOGL,2011-01-24,305.85
GOOGL,2011-01-25,310.26
GOOGL,2011-01-26,308.56
GOOGL,2011-01-27,308.7
GOOGL,2011-01-28,300.8
GOOGL,2011-01-31,300.48
GOOGL,2011-02-01,305.83
GOOGL,2011-02-02,306.31
GOOGL,2011-02-03,305.38
GOOGL,2011-02-04,305.8
GOOGL,2011-02-07,307.46
GOOGL,2011-02-08,309.5
GOOGL,2011-02-09,308.56
GOOGL,2011-02-10,308.53
GOOGL,2011-02-11,312.56
GOOGL,2011-02-14,314.39
GOOGL,2011-02-15,312.39
GOOGL,2011-02-16,312.42
GOOGL,2011-02-17,312.94
GOOGL,2011-02-18,315.36
GOOGL,2011-02-22,305.41
GOOGL,2011-02-23,305.97
GOOGL,2011-02-24,304.71
GOOGL,2011-02-25,305.33
GOOGL,2011-02-28,307.01
GOOGL,2011-03-01,300.68
GOOGL,2011-03-02,300.7
GOOGL,2011-03-03,305.08
GOOGL,2011-03-04,300.61
GOOGL,2011-03-07,296.13
GOOGL,2011-03-08,296.45
GOOGL,2011-03-09,296.18
GOOGL,2011-03-10,290.44
GOOGL,2011-03-11,288.64
GOOGL,2011-03-14,285.28
GOOGL,2011-03-15,285.06
GOOGL,2011-03-16,278.83
GOOGL,2011-03-17,280.96
GOOGL,2011-03-18,280.81
GOOGL,2011-03-21,288.54
GOOGL,2011-03-22,288.95
GOOGL,2011-03-23,291.37
GOOGL,2011-03-24,293.74
GOOGL,2011-03-25,290.16
GOOGL,2011-03-28,287.97
GOOGL,2011-03-29,291.16
GOOGL,2011-03-30,291.21
GOOGL,2011-03-31,293.67
GOOGL,2011-04-01,296.2
GOOGL,2011-04-04,294.13
GOOGL,2011-04-05,284.83
GOOGL,2011-04-06,287.38
GOOGL,2011-04-07,290.29
GOOGL,2011-04-08,289.37
GOOGL,2011-04-11,288.97
GOOGL,2011-04-12,285.59
GOOGL,2011-04-13,288.43
GOOGL,2011-04-14,289.54
GOOGL,2011-04-15,265.62
GOOGL,2011-04-18,263.68
GOOGL,2011-04-19,261.03
GOOGL,2011-04-20,263.13
GOOGL,2011-04-21,262.81
GOOGL,2011-04-25,262.79
GOOGL,2011-04-26,266.68
GOOGL,2011-04-27,269.15
GOOGL,2011-04-28,269.25
GOOGL,2011-04-29,272.32
GOOGL,2011-05-02,269.55
GOOGL,2011-05-03,267.21
GOOGL,2011-05-04,268.16
GOOGL,2011-05-05,267.4
GOOGL,2011-05-06,267.92
GOOGL,2011-05-09,269.11
GOOGL,2011-05-10,271.6
GOOGL,2011-05-11,267.99
GOOGL,2011-05-12,267.79
GOOGL,2011-05-13,265.04
GOOGL,2011-05-16,259.47
GOOGL,2011-05-17,265.5
GOOGL,2011-05-18,265.17
GOOGL,2011-05-19,265.89
GOOGL,2011-05-20,262.28
GOOGL,2011-05-23,259.45
GOOGL,2011-05-24,259.39
GOOGL,2011-05-25,260.09
GOOGL,2011-05-26,259.32
GOOGL,2011-05-27,260.71
GOOGL,2011-05-31,264.77
GOOGL,2011-06-01,263.06
GOOGL,2011-06-02,264.29
GOOGL,2011-06-03,261.8
GOOGL,2011-06-06,260.79
GOOGL,2011-06-07,259.77
GOOGL,2011-06-08,259.84
GOOGL,2011-06-09,258.62
GOOGL,2011-06-10,255.01
GOOGL,2011-06-13,252.62
GOOGL,2011-06-14,254.44
GOOGL,2011-06-15,251.73
GOOGL,2011-06-16,250.44
GOOGL,2011-06-17,242.75
GOOGL,2011-06-20,242.53
GOOGL,2011-06-21,246.75
GOOGL,2011-06-22,243.75
GOOGL,2011-06-23,240.35
GOOGL,2011-06-24,237.68
GOOGL,2011-06-27,241.6
GOOGL,2011-06-28,247.07
GOOGL,2011-06-29,249.03
GOOGL,2011-06-30,253.44
GOOGL,2011-07-01,260.78
GOOGL,2011-07-05,266.49
GOOGL,2011-07-06,267.95
GOOGL,2011-07-07,273.57
GOOGL,2011-07-08,266.26
GOOGL,2011-07-11,263.9
GOOGL,2011-07-12,267.27
GOOGL,2011-07-13,269.4
GOOGL,2011-07-14,264.73
GOOGL,2011-07-15,299.11
GOOGL,2011-07-18,297.77
GOOGL,2011-07-19,301.58
GOOGL,2011-07-20,297.97
GOOGL,2011-07-21,303.8
GOOGL,2011-07-22,309.42
GOOGL,2011-07-25,309.8
GOOGL,2011-07-26,311.57
GOOGL,2011-07-27,303.91
GOOGL,2011-07-28,305.78
GOOGL,2011-07-29,302.15
GOOGL,2011-08-01,303.69
GOOGL,2011-08-02,297.37
GOOGL,2011-08-03,300.89
GOOGL,2011-08-04,289.05
GOOGL,2011-08-05,289.81
GOOGL,2011-08-08,273.28
GOOGL,2011-08-09,286.99
GOOGL,2011-08-10,274.78
GOOGL,2011-08-11,281.35
GOOGL,2011-08-12,282.17
GOOGL,2011-08-15,278.89
GOOGL,2011-08-16,269.77
GOOGL,2011-08-17,266.84
GOOGL,2011-08-18,252.69
GOOGL,2011-08-19,245.71
GOOGL,2011-08-22,249.33
GOOGL,2011-08-23,259.67
GOOGL,2011-08-24,261.91
GOOGL,2011-08-25,260.28
GOOGL,2011-08-26,263.69
GOOGL,2011-08-29,269.81
GOOGL,2011-08-30,270.62
GOOGL,2011-08-31,270.75
GOOGL,2011-09-01,266.52
GOOGL,2011-09-02,262.68
GOOGL,2011-09-06,261.35
GOOGL,2011-09-07,267.28
GOOGL,2011-09-08,267.75
GOOGL,2011-09-09,262.69
GOOGL,2011-09-12,265.33
GOOGL,2011-09-13,265.02
GOOGL,2011-09-14,266.3
GOOGL,2011-09-15,271.55
GOOGL,2011-09-16,273.61
GOOGL,2011-09-19,273.61
GOOGL,2011-09-20,273.59
GOOGL,2011-09-21,269.87
GOOGL,2011-09-22,260.59
GOOGL,2011-09-23,263.02
GOOGL,2011-09-26,266.21
GOOGL,2011-09-27,269.94
GOOGL,2011-09-28,264.68
GOOGL,2011-09-29,264.01
GOOGL,2011-09-30,257.78
GOOGL,2011-10-03,248.01
GOOGL,2011-10-04,251.2
GOOGL,2011-10-05,252.6
GOOGL,2011-10-06,257.61
GOOGL,2011-10-07,257.82
GOOGL,2011-10-10,268.85
GOOGL,2011-10-11,271.86
GOOGL,2011-10-12,274.52
GOOGL,2011-10-13,279.77
GOOGL,2011-10-14,296.14
GOOGL,2011-10-17,291.5
GOOGL,2011-10-18,295.55
GOOGL,2011-10-19,290.64
GOOGL,2011-10-20,292.13
GOOGL,2011-10-21,295.54
GOOGL,2011-10-24,298.51
GOOGL,2011-10-25,291.87
GOOGL,2011-10-26,293.45
GOOGL,2011-10-27,299.63
GOOGL,2011-10-28,300.37
GOOGL,2011-10-31,296.62
GOOGL,2011-11-01,289.61
GOOGL,2011-11-02,292.7
GOOGL,2011-11-03,299.05
GOOGL,2011-11-04,298.37
GOOGL,2011-11-07,304.47
GOOGL,2011-11-08,306.48
GOOGL,2011-11-09,300.78
GOOGL,2011-11-10,297.84
GOOGL,2011-11-11,304.48
GOOGL,2011-11-14,306.81
GOOGL,2011-11-15,308.59
GOOGL,2011-11-16,306.04
GOOGL,2011-11-17,300.74
GOOGL,2011-11-18,297.74
GOOGL,2011-11-21,290.76
GOOGL,2011-11-22,290.29
GOOGL,2011-11-23,285.34
GOOGL,2011-11-25,281.78
GOOGL,2011-11-28,294.39
GOOGL,2011-11-29,291.76
GOOGL,2011-11-30,299.99
GOOGL,2011-12-01,307.19
GOOGL,2011-12-02,310.49
GOOGL,2011-12-05,313.14
GOOGL,2011-12-06,312.2
GOOGL,2011-12-07,312.01
GOOGL,2011-12-08,308.33
GOOGL,2011-12-09,314.02
GOOGL,2011-12-12,313.01
GOOGL,2011-12-13,313.13
GOOGL,2011-12-14,309.34
GOOGL,2011-12-15,310.08
GOOGL,2011-12-16,313.29
GOOGL,2011-12-19,311.23
GOOGL,2011-12-20,315.5
GOOGL,2011-12-21,313.22
GOOGL,2011-12-22,315.16
GOOGL,2011-12-23,316.89
GOOGL,2011-12-27,320.45
GOOGL,2011-12-28,320.17
GOOGL,2011-12-29,321.52
GOOGL,2011-12-30,323.27
GOOGL,2012-01-03,333.04
GOOGL,2012-01-04,334.47
GOOGL,2012-01-05,329.83
GOOGL,2012-01-06,325.34
GOOGL,2012-01-09,311.54
GOOGL,2012-01-10,311.88
GOOGL,2012-01-11,313.29
GOOGL,2012-01-12,315.13
GOOGL,2012-01-13,312.81
GOOGL,2012-01-17,314.6
GOOGL,2012-01-18,316.77
GOOGL,2012-01-19,320.1
GOOGL,2012-01-20,293.29
GOOGL,2012-01-23,293.05
GOOGL,2012-01-24,290.76
GOOGL,2012-01-25,285.03
GOOGL,2012-01-26,284.33
GOOGL,2012-01-27,290.28
GOOGL,2012-01-30,289.13
GOOGL,2012-01-31,290.35
GOOGL,2012-02-01,290.71
GOOGL,2012-02-02,292.85
GOOGL,2012-02-03,298.46
GOOGL,2012-02-06,304.85
GOOGL,2012-02-07,303.69
GOOGL,2012-02-08,305.23
GOOGL,2012-02-09,306.04
GOOGL,2012-02-10,303.26
GOOGL,2012-02-13,306.41
GOOGL,2012-02-14,305.18
GOOGL,2012-02-15,303.08
GOOGL,2012-02-16,303.56
GOOGL,2012-02-17,302.62
GOOGL,2012-02-21,307.31
GOOGL,2012-02-22,304.27
GOOGL,2012-02-23,303.36
GOOGL,2012-02-24,305.25
GOOGL,2012-02-27,304.96
GOOGL,2012-02-28,309.5
GOOGL,2012-02-29,309.43
GOOGL,2012-03-01,311.51
GOOGL,2012-03-02,310.94
GOOGL,2012-03-05,307.43
GOOGL,2012-03-06,302.78
GOOGL,2012-03-07,303.7
GOOGL,2012-03-08,303.87
GOOGL,2012-03-09,300.43
GOOGL,2012-03-12,302.88
GOOGL,2012-03-13,309.2
GOOGL,2012-03-14,308.3
GOOGL,2012-03-15,310.88
GOOGL,2012-03-16,312.83
GOOGL,2012-03-19,317.31
GOOGL,2012-03-20,317.06
GOOGL,2012-03-21,320.31
GOOGL,2012-03-22,323.35
GOOGL,2012-03-23,321.62
GOOGL,2012-03-26,324.99
GOOGL,2012-03-27,323.83
GOOGL,2012-03-28,328.21
GOOGL,2012-03-29,324.53
GOOGL,2012-03-30,320.94
GOOGL,2012-04-02,323.78
GOOGL,2012-04-03,321.63
GOOGL,2012-04-04,317.89
GOOGL,2012-04-05,316.48
GOOGL,2012-04-09,315.74
GOOGL,2012-04-10,313.74
GOOGL,2012-04-11,318.3
GOOGL,2012-04-12,325.83
GOOGL,2012-04-13,312.61
GOOGL,2012-04-16,303.34
GOOGL,2012-04-17,305.09
GOOGL,2012-04-18,304.03
GOOGL,2012-04-19,299.95
GOOGL,2012-04-20,298.33
GOOGL,2012-04-23,299.1
GOOGL,2012-04-24,300.94
GOOGL,2012-04-25,305.16
GOOGL,2012-04-26,308.04
GOOGL,2012-04-27,307.8
GOOGL,2012-04-30,302.73
GOOGL,2012-05-01,302.52
GOOGL,2012-05-02,303.93
GOOGL,2012-05-03,305.82
GOOGL,2012-05-04,298.78
GOOGL,2012-05-07,304.08
GOOGL,2012-05-08,306.7
GOOGL,2012-05-09,304.88
GOOGL,2012-05-10,307.14
GOOGL,2012-05-11,302.92
GOOGL,2012-05-14,302.3
GOOGL,2012-05-15,305.86
GOOGL,2012-05-16,314.78
GOOGL,2012-05-17,311.84
GOOGL,2012-05-18,300.5
GOOGL,2012-05-21,307.36
GOOGL,2012-05-22,300.7
GOOGL,2012-05-23,305.03
GOOGL,2012-05-24,302.13
GOOGL,2012-05-25,296.06
GOOGL,2012-05-29,297.47
GOOGL,2012-05-30,294.41
GOOGL,2012-05-31,290.72
GOOGL,2012-06-01,285.78
GOOGL,2012-06-04,289.58
GOOGL,2012-06-05,285.49
GOOGL,2012-06-06,290.58
GOOGL,2012-06-07,289.4
GOOGL,2012-06-08,290.52
GOOGL,2012-06-11,284.53
GOOGL,2012-06-12,282.83
GOOGL,2012-06-13,280.83
GOOGL,2012-06-14,279.8
GOOGL,2012-06-15,282.54
GOOGL,2012-06-18,285.71
GOOGL,2012-06-19,291.06
GOOGL,2012-06-20,289.04
GOOGL,2012-06-21,282.89
GOOGL,2012-06-22,286.03
GOOGL,2012-06-25,280.63
GOOGL,2012-06-26,282.62
GOOGL,2012-06-27,284.94
GOOGL,2012-06-28,282.44
GOOGL,2012-06-29,290.33
GOOGL,2012-07-02,290.53
GOOGL,2012-07-03,294.21
GOOGL,2012-07-05,298.26
GOOGL,2012-07-06,293.28
GOOGL,2012-07-09,293.3
GOOGL,2012-07-10,291.14
GOOGL,2012-07-11,285.88
GOOGL,2012-07-12,285.53
GOOGL,2012-07-13,288.55
GOOGL,2012-07-16,287.75
GOOGL,2012-07-17,288.65
GOOGL,2012-07-18,290.67
GOOGL,2012-07-19,296.83
GOOGL,2012-07-20,305.72
GOOGL,2012-07-23,308.06
GOOGL,2012-07-24,304.09
GOOGL,2012-07-25,304.3
GOOGL,2012-07-26,306.99
GOOGL,2012-07-27,317.8
GOOGL,2012-07-30,316.47
GOOGL,2012-07-31,316.8
GOOGL,2012-08-01,316.66
GOOGL,2012-08-02,314.69
GOOGL,2012-08-03,320.99
GOOGL,2012-08-06,321.73
GOOGL,2012-08-07,320.59
GOOGL,2012-08-08,321.44
GOOGL,2012-08-09,321.5
GOOGL,2012-08-10,321.32
GOOGL,2012-08-13,330.34
GOOGL,2012-08-14,334.66
GOOGL,2012-08-15,334.1
GOOGL,2012-08-16,336.77
GOOGL,2012-08-17,338.91
GOOGL,2012-08-20,338.11
GOOGL,2012-08-21,335.09
GOOGL,2012-08-22,338.93
GOOGL,2012-08-23,338.74
GOOGL,2012-08-24,339.65
GOOGL,2012-08-27,334.94
GOOGL,2012-08-28,338.96
GOOGL,2012-08-29,344.35
GOOGL,2012-08-30,341.18
GOOGL,2012-08-31,342.89
GOOGL,2012-09-04,340.86
GOOGL,2012-09-05,340.7
GOOGL,2012-09-06,350.05
GOOGL,2012-09-07,353.43
GOOGL,2012-09-10,350.74
GOOGL,2012-09-11,346.44
GOOGL,2012-09-12,345.78
GOOGL,2012-09-13,353.37
GOOGL,2012-09-14,355.19
GOOGL,2012-09-17,355.34
GOOGL,2012-09-18,359.5
GOOGL,2012-09-19,364.11
GOOGL,2012-09-20,364.42
GOOGL,2012-09-21,367.36
GOOGL,2012-09-24,375.06
GOOGL,2012-09-25,374.95
GOOGL,2012-09-26,377.11
GOOGL,2012-09-27,378.63
GOOGL,2012-09-28,377.63
GOOGL,2012-10-01,381.27
GOOGL,2012-10-02,378.87
GOOGL,2012-10-03,381.63
GOOGL,2012-10-04,384.41
GOOGL,2012-10-05,384.21
GOOGL,2012-10-08,379.3
GOOGL,2012-10-09,372.42
GOOGL,2012-10-10,372.65
GOOGL,2012-10-11,376.12
GOOGL,2012-10-12,372.75
GOOGL,2012-10-15,370.86
GOOGL,2012-10-16,372.72
GOOGL,2012-10-17,378.12
GOOGL,2012-10-18,347.85
GOOGL,2012-10-19,341.24
GOOGL,2012-10-22,339.67
GOOGL,2012-10-23,340.52
GOOGL,2012-10-24,338.99
GOOGL,2012-10-25,339.22
GOOGL,2012-10-26,337.91
GOOGL,2012-10-31,340.49
GOOGL,2012-11-01,344.14
GOOGL,2012-11-02,344.3
GOOGL,2012-11-05,341.82
GOOGL,2012-11-06,341.2
GOOGL,2012-11-07,333.89
GOOGL,2012-11-08,326.47
GOOGL,2012-11-09,331.85
GOOGL,2012-11-12,333.28
GOOGL,2012-11-13,329.86
GOOGL,2012-11-14,326.6
GOOGL,2012-11-15,323.95
GOOGL,2012-11-16,323.91
GOOGL,2012-11-19,334.44
GOOGL,2012-11-20,335.32
GOOGL,2012-11-21,333.27
GOOGL,2012-11-23,334.32
GOOGL,2012-11-26,330.91
GOOGL,2012-11-27,335.69
GOOGL,2012-11-28,342.18
GOOGL,2012-11-29,346.29
GOOGL,2012-11-30,349.53
GOOGL,2012-12-03,347.97
GOOGL,2012-12-04,345.86
GOOGL,2012-12-05,344.25
GOOGL,2012-12-06,345.91
GOOGL,2012-12-07,342.45
GOOGL,2012-12-10,343.05
GOOGL,2012-12-11,348.79
GOOGL,2012-12-12,349.13
GOOGL,2012-12-13,351.7
GOOGL,2012-12-14,351.33
GOOGL,2012-12-17,360.75
GOOGL,2012-12-18,360.9
GOOGL,2012-12-19,360.42
GOOGL,2012-12-20,361.54
GOOGL,2012-12-21,358.17
GOOGL,2012-12-24,355.1
GOOGL,2012-12-26,354.79
GOOGL,2012-12-27,353.5
GOOGL,2012-12-28,350.36
GOOGL,2012-12-31,354.04
GOOGL,2013-01-02,361.99
GOOGL,2013-01-03,362.2
GOOGL,2013-01-04,369.35
GOOGL,2013-01-07,367.74
GOOGL,2013-01-08,367.02
GOOGL,2013-01-09,369.43
GOOGL,2013-01-10,371.11
GOOGL,2013-01-11,370.36
GOOGL,2013-01-14,361.99
GOOGL,2013-01-15,362.83
GOOGL,2013-01-16,357.95
GOOGL,2013-01-17,356.02
GOOGL,2013-01-18,352.61
GOOGL,2013-01-22,351.79
GOOGL,2013-01-23,371.12
GOOGL,2013-01-24,377.29
GOOGL,2013-01-25,377.21
GOOGL,2013-01-28,375.74
GOOGL,2013-01-29,377.22
GOOGL,2013-01-30,377.29
GOOGL,2013-01-31,378.22
GOOGL,2013-02-01,388.2
GOOGL,2013-02-04,379.89
GOOGL,2013-02-05,383.25
GOOGL,2013-02-06,385.47
GOOGL,2013-02-07,387.36
GOOGL,2013-02-08,393.08
GOOGL,2013-02-11,391.6
GOOGL,2013-02-12,390.74
GOOGL,2013-02-13,391.82
GOOGL,2013-02-14,394.3
GOOGL,2013-02-15,396.84
GOOGL,2013-02-19,403.83
GOOGL,2013-02-20,396.63
GOOGL,2013-02-21,398.16
GOOGL,2013-02-22,400.25
GOOGL,2013-02-25,395.78
GOOGL,2013-02-26,395.46
GOOGL,2013-02-27,400.29
GOOGL,2013-02-28,401.0
GOOGL,2013-03-01,403.5
GOOGL,2013-03-04,411.16
GOOGL,2013-03-05,419.72
GOOGL,2013-03-06,416.11
GOOGL,2013-03-07,416.71
GOOGL,2013-03-08,416.18
GOOGL,2013-03-11,417.83
GOOGL,2013-03-12,414.22
GOOGL,2013-03-13,413.07
GOOGL,2013-03-14,411.18
GOOGL,2013-03-15,407.56
GOOGL,2013-03-18,404.3
GOOGL,2013-03-19,406.07
GOOGL,2013-03-20,407.76
GOOGL,2013-03-21,406.04
GOOGL,2013-03-22,405.56
GOOGL,2013-03-25,405.22
GOOGL,2013-03-26,406.62
GOOGL,2013-03-27,401.73
GOOGL,2013-03-28,397.49
GOOGL,2013-04-01,401.0
GOOGL,2013-04-02,406.93
GOOGL,2013-04-03,403.5
GOOGL,2013-04-04,397.93
GOOGL,2013-04-05,391.92
GOOGL,2013-04-08,387.81
GOOGL,2013-04-09,389.21
GOOGL,2013-04-10,395.49
GOOGL,2013-04-11,395.59
GOOGL,2013-04-12,395.42
GOOGL,2013-04-15,391.36
GOOGL,2013-04-16,397.08
GOOGL,2013-04-17,391.67
GOOGL,2013-04-18,383.34
GOOGL,2013-04-19,400.33
GOOGL,2013-04-22,400.46
GOOGL,2013-04-23,404.35
GOOGL,2013-04-24,407.13
GOOGL,2013-04-25,404.95
GOOGL,2013-04-26,401.11
GOOGL,2013-04-29,409.94
GOOGL,2013-04-30,412.7
GOOGL,2013-05-01,410.63
GOOGL,2013-05-02,415.22
GOOGL,2013-05-03,423.28
GOOGL,2013-05-06,431.21
GOOGL,2013-05-07,429.04
GOOGL,2013-05-08,437.25
GOOGL,2013-05-09,436.18
GOOGL,2013-05-10,440.56
GOOGL,2013-05-13,439.2
GOOGL,2013-05-14,443.99
GOOGL,2013-05-15,458.4
GOOGL,2013-05-16,452.39
GOOGL,2013-05-17,455.04
GOOGL,2013-05-20,454.72
GOOGL,2013-05-21,453.94
GOOGL,2013-05-22,445.15
GOOGL,2013-05-23,441.84
GOOGL,2013-05-24,437.1
GOOGL,2013-05-28,441.08
GOOGL,2013-05-29,434.59
GOOGL,2013-05-30,435.82
GOOGL,2013-05-31,436.04
GOOGL,2013-06-03,434.25
GOOGL,2013-06-04,429.98
GOOGL,2013-06-05,430.28
GOOGL,2013-06-06,432.75
GOOGL,2013-06-07,440.3
GOOGL,2013-06-10,445.56
GOOGL,2013-06-11,440.34
GOOGL,2013-06-12,436.43
GOOGL,2013-06-13,438.94
GOOGL,2013-06-14,437.96
GOOGL,2013-06-17,443.57
GOOGL,2013-06-18,450.76
GOOGL,2013-06-19,450.79
GOOGL,2013-06-20,442.81
GOOGL,2013-06-21,440.91
GOOGL,2013-06-24,435.33
GOOGL,2013-06-25,433.53
GOOGL,2013-06-26,437.26
GOOGL,2013-06-27,438.97
GOOGL,2013-06-28,440.62
GOOGL,2013-07-01,444.38
GOOGL,2013-07-02,441.6
GOOGL,2013-07-03,443.66
GOOGL,2013-07-05,447.19
GOOGL,2013-07-08,453.0
GOOGL,2013-07-09,453.07
GOOGL,2013-07-10,453.45
GOOGL,2013-07-11,460.58
GOOGL,2013-07-12,461.96
GOOGL,2013-07-15,462.81
GOOGL,2013-07-16,460.26
GOOGL,2013-07-17,459.73
GOOGL,2013-07-18,455.8
GOOGL,2013-07-19,448.75
GOOGL,2013-07-22,455.81
GOOGL,2013-07-23,452.35
GOOGL,2013-07-24,451.9
GOOGL,2013-07-25,444.29
GOOGL,2013-07-26,443.12
GOOGL,2013-07-29,441.58
GOOGL,2013-07-30,445.91
GOOGL,2013-07-31,444.32
GOOGL,2013-08-01,452.56
GOOGL,2013-08-02,453.74
GOOGL,2013-08-05,452.95
GOOGL,2013-08-06,448.73
GOOGL,2013-08-07,445.77
GOOGL,2013-08-08,446.78
GOOGL,2013-08-09,445.65
GOOGL,2013-08-12,443.2
GOOGL,2013-08-13,441.07
GOOGL,2013-08-14,435.34
GOOGL,2013-08-15,430.26
GOOGL,2013-08-16,428.88
GOOGL,2013-08-19,433.26
GOOGL,2013-08-20,433.14
GOOGL,2013-08-21,435.1
GOOGL,2013-08-22,437.29
GOOGL,2013-08-23,435.54
GOOGL,2013-08-26,433.63
GOOGL,2013-08-27,425.5
GOOGL,2013-08-28,424.7
GOOGL,2013-08-29,428.14
GOOGL,2013-08-30,423.87
GOOGL,2013-09-03,430.62
GOOGL,2013-09-04,436.25
GOOGL,2013-09-05,440.22
GOOGL,2013-09-06,440.23
GOOGL,2013-09-09,444.47
GOOGL,2013-09-10,444.78
GOOGL,2013-09-11,448.54
GOOGL,2013-09-12,446.98
GOOGL,2013-09-13,444.98
GOOGL,2013-09-16,444.32
GOOGL,2013-09-17,443.5
GOOGL,2013-09-18,452.11
GOOGL,2013-09-19,449.64
GOOGL,2013-09-20,452.01
GOOGL,2013-09-23,443.69
GOOGL,2013-09-24,443.86
GOOGL,2013-09-25,439.05
GOOGL,2013-09-26,439.52
GOOGL,2013-09-27,438.63
GOOGL,2013-09-30,438.39
GOOGL,2013-10-01,443.95
GOOGL,2013-10-02,444.44
GOOGL,2013-10-03,438.48
GOOGL,2013-10-04,436.61
GOOGL,2013-10-07,433.3
GOOGL,2013-10-08,427.26
GOOGL,2013-10-09,428.36
GOOGL,2013-10-10,434.55
GOOGL,2013-10-11,436.43
GOOGL,2013-10-14,438.49
GOOGL,2013-10-15,441.45
GOOGL,2013-10-16,449.46
GOOGL,2013-10-17,444.84
GOOGL,2013-10-18,506.21
GOOGL,2013-10-21,502.15
GOOGL,2013-10-22,504.0
GOOGL,2013-10-23,516.22
GOOGL,2013-10-24,513.29
GOOGL,2013-10-25,508.11
GOOGL,2013-10-28,508.01
GOOGL,2013-10-29,518.64
GOOGL,2013-10-30,515.73
GOOGL,2013-10-31,515.81
GOOGL,2013-11-01,514.03
GOOGL,2013-11-04,513.57
GOOGL,2013-11-05,511.27
GOOGL,2013-11-06,511.89
GOOGL,2013-11-07,504.48
GOOGL,2013-11-08,508.52
GOOGL,2013-11-11,505.8
GOOGL,2013-11-12,506.4
GOOGL,2013-11-13,516.75
GOOGL,2013-11-14,518.13
GOOGL,2013-11-15,517.3
GOOGL,2013-11-18,516.29
GOOGL,2013-11-19,513.12
GOOGL,2013-11-20,511.67
GOOGL,2013-11-21,517.55
GOOGL,2013-11-22,516.46
GOOGL,2013-11-25,523.49
GOOGL,2013-11-26,529.73
GOOGL,2013-11-27,532.09
GOOGL,2013-11-29,530.32
GOOGL,2013-12-02,527.77
GOOGL,2013-12-03,527.16
GOOGL,2013-12-04,529.62
GOOGL,2013-12-05,529.2
GOOGL,2013-12-06,535.47
GOOGL,2013-12-09,539.61
GOOGL,2013-12-10,542.87
GOOGL,2013-12-11,539.18
GOOGL,2013-12-12,535.51
GOOGL,2013-12-13,530.92
GOOGL,2013-12-16,537.03
GOOGL,2013-12-17,535.46
GOOGL,2013-12-18,542.92
GOOGL,2013-12-19,543.65
GOOGL,2013-12-20,550.86
GOOGL,2013-12-23,558.11
GOOGL,2013-12-24,556.48
GOOGL,2013-12-26,559.29
GOOGL,2013-12-27,559.76
GOOGL,2013-12-30,555.28
GOOGL,2013-12-31,560.92
GOOGL,2014-01-02,557.12
GOOGL,2014-01-03,553.05
GOOGL,2014-01-06,559.22
GOOGL,2014-01-07,570.0
GOOGL,2014-01-08,571.19
GOOGL,2014-01-09,565.69
GOOGL,2014-01-10,565.66
GOOGL,2014-01-13,562.05
GOOGL,2014-01-14,575.27
GOOGL,2014-01-15,574.88
GOOGL,2014-01-16,578.69
GOOGL,2014-01-17,575.84
GOOGL,2014-01-21,582.43
GOOGL,2014-01-22,583.09
GOOGL,2014-01-23,580.63
GOOGL,2014-01-24,562.48
GOOGL,2014-01-27,551.17
GOOGL,2014-01-28,562.07
GOOGL,2014-01-29,554.01
GOOGL,2014-01-30,568.26
GOOGL,2014-01-31,591.08
GOOGL,2014-02-03,567.28
GOOGL,2014-02-04,569.65
GOOGL,2014-02-05,572.17
GOOGL,2014-02-06,580.56
GOOGL,2014-02-07,589.31
GOOGL,2014-02-10,587.05
GOOGL,2014-02-11,595.69
GOOGL,2014-02-12,593.94
GOOGL,2014-02-13,600.55
GOOGL,2014-02-14,602.0
GOOGL,2014-02-18,606.05
GOOGL,2014-02-19,601.77
GOOGL,2014-02-20,602.66
GOOGL,2014-02-21,602.5
GOOGL,2014-02-24,606.86
GOOGL,2014-02-25,610.61
GOOGL,2014-02-26,610.7
GOOGL,2014-02-27,610.22
GOOGL,2014-02-28,608.43
GOOGL,2014-03-03,601.95
GOOGL,2014-03-04,608.06
GOOGL,2014-03-05,609.74
GOOGL,2014-03-06,610.42
GOOGL,2014-03-07,608.0
GOOGL,2014-03-10,606.39
GOOGL,2014-03-11,600.6
GOOGL,2014-03-12,604.25
GOOGL,2014-03-13,595.12
GOOGL,2014-03-14,586.99
GOOGL,2014-03-17,596.65
GOOGL,2014-03-18,606.24
GOOGL,2014-03-19,600.22
GOOGL,2014-03-20,599.18
GOOGL,2014-03-21,592.11
GOOGL,2014-03-24,579.54
GOOGL,2014-03-25,579.94
GOOGL,2014-03-26,566.55
GOOGL,2014-03-27,557.7
GOOGL,2014-03-28,560.64
GOOGL,2014-03-31,557.81
GOOGL,2014-04-01,568.01
GOOGL,2014-04-02,568.12
GOOGL,2014-04-03,571.5
GOOGL,2014-04-04,545.25
GOOGL,2014-04-07,540.63
GOOGL,2014-04-08,557.51
GOOGL,2014-04-09,567.04
GOOGL,2014-04-10,546.69
GOOGL,2014-04-11,537.76
GOOGL,2014-04-14,545.2
GOOGL,2014-04-15,548.7
GOOGL,2014-04-16,563.9
GOOGL,2014-04-17,543.34
GOOGL,2014-04-21,539.37
GOOGL,2014-04-22,545.5
GOOGL,2014-04-23,537.51
GOOGL,2014-04-24,534.44
GOOGL,2014-04-25,523.1
GOOGL,2014-04-28,522.98
GOOGL,2014-04-29,536.33
GOOGL,2014-04-30,534.88
GOOGL,2014-05-01,538.53
GOOGL,2014-05-02,533.87
GOOGL,2014-05-05,535.33
GOOGL,2014-05-06,522.57
GOOGL,2014-05-07,518.0
GOOGL,2014-05-08,520.17
GOOGL,2014-05-09,526.62
GOOGL,2014-05-12,538.43
GOOGL,2014-05-13,541.54
GOOGL,2014-05-14,534.41
GOOGL,2014-05-15,529.12
GOOGL,2014-05-16,528.3
GOOGL,2014-05-19,538.83
GOOGL,2014-05-20,540.39
GOOGL,2014-05-21,549.7
GOOGL,2014-05-22,555.45
GOOGL,2014-05-23,563.8
GOOGL,2014-05-27,574.87
GOOGL,2014-05-28,570.45
GOOGL,2014-05-29,570.56
GOOGL,2014-05-30,571.65
GOOGL,2014-06-02,564.34
GOOGL,2014-06-03,554.51
GOOGL,2014-06-04,553.76
GOOGL,2014-06-05,564.93
GOOGL,2014-06-06,566.03
GOOGL,2014-06-09,570.73
GOOGL,2014-06-10,568.3
GOOGL,2014-06-11,567.5
GOOGL,2014-06-12,559.5
GOOGL,2014-06-13,560.35
GOOGL,2014-06-16,552.3
GOOGL,2014-06-17,550.62
GOOGL,2014-06-18,560.66
GOOGL,2014-06-19,564.99
GOOGL,2014-06-20,566.52
GOOGL,2014-06-23,574.29
GOOGL,2014-06-24,572.54
GOOGL,2014-06-25,585.93
GOOGL,2014-06-26,584.77
GOOGL,2014-06-27,585.69
GOOGL,2014-06-30,584.67
GOOGL,2014-07-01,591.49
GOOGL,2014-07-02,590.78
GOOGL,2014-07-03,593.08
GOOGL,2014-07-07,590.76
GOOGL,2014-07-08,578.4
GOOGL,2014-07-09,583.36
GOOGL,2014-07-10,580.04
GOOGL,2014-07-11,586.65
GOOGL,2014-07-14,594.26
GOOGL,2014-07-15,593.06
GOOGL,2014-07-16,590.62
GOOGL,2014-07-17,580.82
GOOGL,2014-07-18,605.11
GOOGL,2014-07-21,598.44
GOOGL,2014-07-22,603.57
GOOGL,2014-07-23,605.19
GOOGL,2014-07-24,603.01
GOOGL,2014-07-25,598.08
GOOGL,2014-07-28,599.02
GOOGL,2014-07-29,593.95
GOOGL,2014-07-30,595.44
GOOGL,2014-07-31,579.55
GOOGL,2014-08-01,573.6
GOOGL,2014-08-04,582.27
GOOGL,2014-08-05,573.14
GOOGL,2014-08-06,574.49
GOOGL,2014-08-07,571.81
GOOGL,2014-08-08,577.94
GOOGL,2014-08-11,577.25
GOOGL,2014-08-12,572.12
GOOGL,2014-08-13,584.56
GOOGL,2014-08-14,584.65
GOOGL,2014-08-15,583.71
GOOGL,2014-08-18,592.7
GOOGL,2014-08-19,597.11
GOOGL,2014-08-20,595.41
GOOGL,2014-08-21,592.42
GOOGL,2014-08-22,592.54
GOOGL,2014-08-25,590.57
GOOGL,2014-08-26,588.12
GOOGL,2014-08-27,583.0
GOOGL,2014-08-28,580.32
GOOGL,2014-08-29,582.36
GOOGL,2014-09-02,588.63
GOOGL,2014-09-03,589.52
GOOGL,2014-09-04,593.14
GOOGL,2014-09-05,597.78
GOOGL,2014-09-08,601.63
GOOGL,2014-09-09,591.97
GOOGL,2014-09-10,593.42
GOOGL,2014-09-11,591.11
GOOGL,2014-09-12,584.9
GOOGL,2014-09-15,581.64
GOOGL,2014-09-16,588.78
GOOGL,2014-09-17,593.29
GOOGL,2014-09-18,597.27
GOOGL,2014-09-19,605.4
GOOGL,2014-09-22,597.27
GOOGL,2014-09-23,591.18
GOOGL,2014-09-24,598.42
GOOGL,2014-09-25,585.25
GOOGL,2014-09-26,587.9
GOOGL,2014-09-29,587.81
GOOGL,2014-09-30,588.41
GOOGL,2014-10-01,579.63
GOOGL,2014-10-02,580.88
GOOGL,2014-10-03,586.25
GOOGL,2014-10-06,587.78
GOOGL,2014-10-07,574.1
GOOGL,2014-10-08,583.74
GOOGL,2014-10-09,570.81
GOOGL,2014-10-10,555.19
GOOGL,2014-10-13,544.75
GOOGL,2014-10-14,548.69
GOOGL,2014-10-15,540.73
GOOGL,2014-10-16,536.92
GOOGL,2014-10-17,522.97
GOOGL,2014-10-20,532.38
GOOGL,2014-10-21,538.03
GOOGL,2014-10-22,542.69
GOOGL,2014-10-23,553.65
GOOGL,2014-10-24,548.9
GOOGL,2014-10-27,549.88
GOOGL,2014-10-28,558.94
GOOGL,2014-10-29,558.45
GOOGL,2014-10-30,560.27
GOOGL,2014-10-31,567.87
GOOGL,2014-11-03,563.77
GOOGL,2014-11-04,564.19
GOOGL,2014-11-05,555.95
GOOGL,2014-11-06,551.69
GOOGL,2014-11-07,551.82
GOOGL,2014-11-10,558.23
GOOGL,2014-11-11,561.29
GOOGL,2014-11-12,558.25
GOOGL,2014-11-13,556.44
GOOGL,2014-11-14,555.19
GOOGL,2014-11-17,546.64
GOOGL,2014-11-18,544.51
GOOGL,2014-11-19,547.2
GOOGL,2014-11-20,543.76
GOOGL,2014-11-21,545.89
GOOGL,2014-11-24,547.48
GOOGL,2014-11-25,549.23
GOOGL,2014-11-26,547.73
GOOGL,2014-11-28,549.08
GOOGL,2014-12-01,539.65
GOOGL,2014-12-02,538.59
GOOGL,2014-12-03,536.97
GOOGL,2014-12-04,542.58
GOOGL,2014-12-05,528.08
GOOGL,2014-12-08,530.73
GOOGL,2014-12-09,536.11
GOOGL,2014-12-10,528.04
GOOGL,2014-12-11,532.11
GOOGL,2014-12-12,521.51
GOOGL,2014-12-15,515.84
GOOGL,2014-12-16,498.16
GOOGL,2014-12-17,506.45
GOOGL,2014-12-18,514.62
GOOGL,2014-12-19,520.04
GOOGL,2014-12-22,532.3
GOOGL,2014-12-23,538.77
GOOGL,2014-12-24,536.93
GOOGL,2014-12-26,541.52
GOOGL,2014-12-29,537.31
GOOGL,2014-12-30,535.28
GOOGL,2014-12-31,530.66
GOOGL,2015-01-02,529.55
GOOGL,2015-01-05,519.46
GOOGL,2015-01-06,506.64
GOOGL,2015-01-07,505.15
GOOGL,2015-01-08,506.91
GOOGL,2015-01-09,500.72
GOOGL,2015-01-12,497.06
GOOGL,2015-01-13,501.8
GOOGL,2015-01-14,505.93
GOOGL,2015-01-15,504.01
GOOGL,2015-01-16,510.46
GOOGL,2015-01-20,509.94
GOOGL,2015-01-21,520.39
GOOGL,2015-01-22,537.3
GOOGL,2015-01-23,541.95
GOOGL,2015-01-26,536.72
GOOGL,2015-01-27,521.19
GOOGL,2015-01-28,512.43
GOOGL,2015-01-29,513.23
GOOGL,2015-01-30,537.55
GOOGL,2015-02-02,532.2
GOOGL,2015-02-03,533.3
GOOGL,2015-02-04,526.1
GOOGL,2015-02-05,529.83
GOOGL,2015-02-06,533.88
GOOGL,2015-02-09,529.28
GOOGL,2015-02-10,540.16
GOOGL,2015-02-11,538.0
GOOGL,2015-02-12,546.01
GOOGL,2015-02-13,551.16
GOOGL,2015-02-17,545.01
GOOGL,2015-02-18,542.65
GOOGL,2015-02-19,546.45
GOOGL,2015-02-20,541.8
GOOGL,2015-02-23,535.0
GOOGL,2015-02-24,538.65
GOOGL,2015-02-25,547.33
GOOGL,2015-02-26,559.29
GOOGL,2015-02-27,562.63
GOOGL,2015-03-02,575.02
GOOGL,2015-03-03,578.8
GOOGL,2015-03-04,578.33
GOOGL,2015-03-05,581.44
GOOGL,2015-03-06,572.9
GOOGL,2015-03-09,574.1
GOOGL,2015-03-10,559.85
GOOGL,2015-03-11,555.69
GOOGL,2015-03-12,561.17
GOOGL,2015-03-13,553.0
GOOGL,2015-03-16,561.64
GOOGL,2015-03-17,557.61
GOOGL,2015-03-18,566.16
GOOGL,2015-03-19,563.67
GOOGL,2015-03-20,564.95
GOOGL,2015-03-23,565.37
GOOGL,2015-03-24,577.54
GOOGL,2015-03-25,567.0
GOOGL,2015-03-26,563.64
GOOGL,2015-03-27,557.55
GOOGL,2015-03-30,561.14
GOOGL,2015-03-31,554.7
GOOGL,2015-04-01,549.49
GOOGL,2015-04-02,541.31
GOOGL,2015-04-06,543.95
GOOGL,2015-04-07,544.86
GOOGL,2015-04-08,548.84
GOOGL,2015-04-09,548.02
GOOGL,2015-04-10,548.54
GOOGL,2015-04-13,548.64
GOOGL,2015-04-14,539.78
GOOGL,2015-04-15,541.04
GOOGL,2015-04-16,543.52
GOOGL,2015-04-17,532.74
GOOGL,2015-04-20,544.53
GOOGL,2015-04-21,542.92
GOOGL,2015-04-22,549.18
GOOGL,2015-04-23,557.46
GOOGL,2015-04-24,573.66
GOOGL,2015-04-27,566.12
GOOGL,2015-04-28,564.37
GOOGL,2015-04-29,561.39
GOOGL,2015-04-30,548.77
GOOGL,2015-05-01,551.16
GOOGL,2015-05-04,552.84
GOOGL,2015-05-05,543.04
GOOGL,2015-05-06,535.08
GOOGL,2015-05-07,542.04
GOOGL,2015-05-08,548.95
GOOGL,2015-05-11,545.78
GOOGL,2015-05-12,538.73
GOOGL,2015-05-13,539.49
GOOGL,2015-05-14,549.2
GOOGL,2015-05-15,546.49
GOOGL,2015-05-18,546.67
GOOGL,2015-05-19,549.28
GOOGL,2015-05-20,552.51
GOOGL,2015-05-21,556.81
GOOGL,2015-05-22,554.52
GOOGL,2015-05-26,547.19
GOOGL,2015-05-27,554.25
GOOGL,2015-05-28,554.18
GOOGL,2015-05-29,545.32
GOOGL,2015-06-01,549.21
GOOGL,2015-06-02,553.95
GOOGL,2015-06-03,555.29
GOOGL,2015-06-04,551.69
GOOGL,2015-06-05,549.53
GOOGL,2015-06-08,543.48
GOOGL,2015-06-09,542.16
GOOGL,2015-06-10,552.6
GOOGL,2015-06-11,550.04
GOOGL,2015-06-12,547.47
GOOGL,2015-06-15,543.0
GOOGL,2015-06-16,544.87
GOOGL,2015-06-17,546.6
GOOGL,2015-06-18,556.18
GOOGL,2015-06-19,557.52
GOOGL,2015-06-22,559.68
GOOGL,2015-06-23,563.39
GOOGL,2015-06-24,558.57
GOOGL,2015-06-25,557.95
GOOGL,2015-06-26,553.06
GOOGL,2015-06-29,541.25
GOOGL,2015-06-30,540.04
GOOGL,2015-07-01,543.3
GOOGL,2015-07-02,547.34
GOOGL,2015-07-06,545.62
GOOGL,2015-07-07,550.03
GOOGL,2015-07-08,541.7
GOOGL,2015-07-09,544.65
GOOGL,2015-07-10,556.11
GOOGL,2015-07-13,571.73
GOOGL,2015-07-14,584.18
GOOGL,2015-07-15,583.96
GOOGL,2015-07-16,601.78
GOOGL,2015-07-17,699.62
GOOGL,2015-07-20,692.84
GOOGL,2015-07-21,695.35
GOOGL,2015-07-22,695.1
GOOGL,2015-07-23,674.73
GOOGL,2015-07-24,654.77
GOOGL,2015-07-27,658.27
GOOGL,2015-07-28,659.66
GOOGL,2015-07-29,661.43
GOOGL,2015-07-30,664.56
GOOGL,2015-07-31,657.5
GOOGL,2015-08-03,664.72
GOOGL,2015-08-04,661.28
GOOGL,2015-08-05,673.29
GOOGL,2015-08-06,670.15
GOOGL,2015-08-07,664.39
GOOGL,2015-08-10,663.14
GOOGL,2015-08-11,690.3
GOOGL,2015-08-12,691.47
GOOGL,2015-08-13,686.51
GOOGL,2015-08-14,689.37
GOOGL,2015-08-17,694.11
GOOGL,2015-08-18,688.73
GOOGL,2015-08-19,694.04
GOOGL,2015-08-20,679.48
GOOGL,2015-08-21,644.03
GOOGL,2015-08-24,618.11
GOOGL,2015-08-25,612.47
GOOGL,2015-08-26,659.74
GOOGL,2015-08-27,667.96
GOOGL,2015-08-28,659.69
GOOGL,2015-08-31,647.82
GOOGL,2015-09-01,629.56
GOOGL,2015-09-02,644.91
GOOGL,2015-09-03,637.05
GOOGL,2015-09-04,628.96
GOOGL,2015-09-08,643.88
GOOGL,2015-09-09,643.41
GOOGL,2015-09-10,651.08
GOOGL,2015-09-11,655.3
GOOGL,2015-09-14,652.47
GOOGL,2015-09-15,665.07
GOOGL,2015-09-16,665.52
GOOGL,2015-09-17,671.67
GOOGL,2015-09-18,660.92
GOOGL,2015-09-21,666.98
GOOGL,2015-09-22,653.2
GOOGL,2015-09-23,653.29
GOOGL,2015-09-24,654.91
GOOGL,2015-09-25,640.15
GOOGL,2015-09-28,624.25
GOOGL,2015-09-29,622.61
GOOGL,2015-09-30,638.37
GOOGL,2015-10-01,642.0
GOOGL,2015-10-02,656.99
GOOGL,2015-10-05,671.68
GOOGL,2015-10-06,671.64
GOOGL,2015-10-07,670.0
GOOGL,2015-10-08,667.0
GOOGL,2015-10-09,671.24
GOOGL,2015-10-12,676.43
GOOGL,2015-10-13,683.17
GOOGL,2015-10-14,680.41
GOOGL,2015-10-15,693.02
GOOGL,2015-10-16,695.32
GOOGL,2015-10-19,699.95
GOOGL,2015-10-20,680.0
GOOGL,2015-10-21,671.8
GOOGL,2015-10-22,681.14
GOOGL,2015-10-23,719.33
GOOGL,2015-10-26,731.12
GOOGL,2015-10-27,732.82
GOOGL,2015-10-28,736.92
GOOGL,2015-10-29,744.85
GOOGL,2015-10-30,737.39
GOOGL,2015-11-02,747.74
GOOGL,2015-11-03,748.82
GOOGL,2015-11-04,755.31
GOOGL,2015-11-05,760.67
GOOGL,2015-11-06,761.6
GOOGL,2015-11-09,754.77
GOOGL,2015-11-10,758.26
GOOGL,2015-11-11,765.25
GOOGL,2015-11-12,756.53
GOOGL,2015-11-13,740.07
GOOGL,2015-11-16,750.42
GOOGL,2015-11-17,745.98
GOOGL,2015-11-18,760.01
GOOGL,2015-11-19,759.94
GOOGL,2015-11-20,777.0
GOOGL,2015-11-23,776.7
GOOGL,2015-11-24,769.63
GOOGL,2015-11-25,769.26
GOOGL,2015-11-27,771.97
GOOGL,2015-11-30,762.85
GOOGL,2015-12-01,783.79
GOOGL,2015-12-02,777.85
GOOGL,2015-12-03,768.2
GOOGL,2015-12-04,779.21
GOOGL,2015-12-07,772.99
GOOGL,2015-12-08,775.14
GOOGL,2015-12-09,762.55
GOOGL,2015-12-10,760.04
GOOGL,2015-12-11,750.42
GOOGL,2015-12-14,762.54
GOOGL,2015-12-15,760.09
GOOGL,2015-12-16,776.59
GOOGL,2015-12-17,769.83
GOOGL,2015-12-18,756.85
GOOGL,2015-12-21,760.8
GOOGL,2015-12-22,767.13
GOOGL,2015-12-23,768.51
GOOGL,2015-12-24,765.84
GOOGL,2015-12-28,782.24
GOOGL,2015-12-29,793.96
GOOGL,2015-12-30,790.3
GOOGL,2015-12-31,778.01
GOOGL,2016-01-04,759.44
GOOGL,2016-01-05,761.53
GOOGL,2016-01-06,759.33
GOOGL,2016-01-07,741.0
GOOGL,2016-01-08,730.91
GOOGL,2016-01-11,733.07
GOOGL,2016-01-12,745.34
GOOGL,2016-01-13,719.57
GOOGL,2016-01-14,731.39
GOOGL,2016-01-15,710.49
GOOGL,2016-01-19,719.08
GOOGL,2016-01-20,718.56
GOOGL,2016-01-21,726.67
GOOGL,2016-01-22,745.46
GOOGL,2016-01-25,733.62
GOOGL,2016-01-26,733.79
GOOGL,2016-01-27,717.58
GOOGL,2016-01-28,748.3
GOOGL,2016-01-29,761.35
GOOGL,2016-02-01,770.77
GOOGL,2016-02-02,780.91
GOOGL,2016-02-03,749.38
GOOGL,2016-02-04,730.03
GOOGL,2016-02-05,703.76
GOOGL,2016-02-08,704.16
GOOGL,2016-02-09,701.02
GOOGL,2016-02-10,706.85
GOOGL,2016-02-11,706.36
GOOGL,2016-02-12,706.89
GOOGL,2016-02-16,717.64
GOOGL,2016-02-17,731.97
GOOGL,2016-02-18,717.51
GOOGL,2016-02-19,722.11
GOOGL,2016-02-22,729.05
GOOGL,2016-02-23,717.29
GOOGL,2016-02-24,720.9
GOOGL,2016-02-25,729.12
GOOGL,2016-02-26,724.86
GOOGL,2016-02-29,717.22
GOOGL,2016-03-01,742.17
GOOGL,2016-03-02,739.48
GOOGL,2016-03-03,731.59
GOOGL,2016-03-04,730.22
GOOGL,2016-03-07,712.8
GOOGL,2016-03-08,713.53
GOOGL,2016-03-09,725.41
GOOGL,2016-03-10,732.17
GOOGL,2016-03-11,744.87
GOOGL,2016-03-14,750.24
GOOGL,2016-03-15,750.57
GOOGL,2016-03-16,757.36
GOOGL,2016-03-17,758.48
GOOGL,2016-03-18,755.41
GOOGL,2016-03-21,762.16
GOOGL,2016-03-22,760.05
GOOGL,2016-03-23,757.56
GOOGL,2016-03-24,754.84
GOOGL,2016-03-28,753.28
GOOGL,2016-03-29,765.89
GOOGL,2016-03-30,768.34
GOOGL,2016-03-31,762.9
GOOGL,2016-04-01,769.67
GOOGL,2016-04-04,765.12
GOOGL,2016-04-05,758.57
GOOGL,2016-04-06,768.07
GOOGL,2016-04-07,760.12
GOOGL,2016-04-08,759.47
GOOGL,2016-04-11,757.54
GOOGL,2016-04-12,764.32
GOOGL,2016-04-13,771.91
GOOGL,2016-04-14,775.39
GOOGL,2016-04-15,780.0
GOOGL,2016-04-18,787.68
GOOGL,2016-04-19,776.25
GOOGL,2016-04-20,774.92
GOOGL,2016-04-21,780.0
GOOGL,2016-04-22,737.77
GOOGL,2016-04-25,742.21
GOOGL,2016-04-26,725.37
GOOGL,2016-04-27,721.46
GOOGL,2016-04-28,705.06
GOOGL,2016-04-29,707.88
GOOGL,2016-05-02,714.41
GOOGL,2016-05-03,708.44
GOOGL,2016-05-04,711.37
GOOGL,2016-05-05,714.71
GOOGL,2016-05-06,725.18
GOOGL,2016-05-09,729.13
GOOGL,2016-05-10,739.38
GOOGL,2016-05-11,730.55
GOOGL,2016-05-12,728.07
GOOGL,2016-05-13,724.83
GOOGL,2016-05-16,730.3
GOOGL,2016-05-17,720.19
GOOGL,2016-05-18,721.78
GOOGL,2016-05-19,715.31
GOOGL,2016-05-20,721.71
GOOGL,2016-05-23,717.25
GOOGL,2016-05-24,733.03
GOOGL,2016-05-25,738.1
GOOGL,2016-05-26,736.93
GOOGL,2016-05-27,747.6
GOOGL,2016-05-31,748.85
GOOGL,2016-06-01,748.46
GOOGL,2016-06-02,744.27
GOOGL,2016-06-03,735.86
GOOGL,2016-06-06,730.06
GOOGL,2016-06-07,731.09
GOOGL,2016-06-08,742.93
GOOGL,2016-06-09,742.52
GOOGL,2016-06-10,733.19
GOOGL,2016-06-13,731.88
GOOGL,2016-06-14,733.25
GOOGL,2016-06-15,732.19
GOOGL,2016-06-16,724.25
GOOGL,2016-06-17,704.25
GOOGL,2016-06-20,706.13
GOOGL,2016-06-21,708.88
GOOGL,2016-06-22,710.47
GOOGL,2016-06-23,714.87
GOOGL,2016-06-24,685.2
GOOGL,2016-06-27,681.14
GOOGL,2016-06-28,691.26
GOOGL,2016-06-29,695.19
GOOGL,2016-06-30,703.53
GOOGL,2016-07-01,710.25
GOOGL,2016-07-05,704.89
GOOGL,2016-07-06,708.97
GOOGL,2016-07-07,707.26
GOOGL,2016-07-08,717.78
GOOGL,2016-07-11,727.2
GOOGL,2016-07-12,732.51
GOOGL,2016-07-13,729.48
GOOGL,2016-07-14,735.8
GOOGL,2016-07-15,735.63
GOOGL,2016-07-18,753.2
GOOGL,2016-07-19,753.41
GOOGL,2016-07-20,757.08
GOOGL,2016-07-21,754.41
GOOGL,2016-07-22,759.28
GOOGL,2016-07-25,757.52
GOOGL,2016-07-26,757.65
GOOGL,2016-07-27,761.97
GOOGL,2016-07-28,765.84
GOOGL,2016-07-29,791.34
GOOGL,2016-08-01,800.94
GOOGL,2016-08-02,800.12
GOOGL,2016-08-03,798.92
GOOGL,2016-08-04,797.25
GOOGL,2016-08-05,806.93
GOOGL,2016-08-08,805.23
GOOGL,2016-08-09,807.48
GOOGL,2016-08-10,808.49
GOOGL,2016-08-11,808.2
GOOGL,2016-08-12,807.05
GOOGL,2016-08-15,805.96
GOOGL,2016-08-16,801.19
GOOGL,2016-08-17,805.42
GOOGL,2016-08-18,802.75
GOOGL,2016-08-19,799.65
GOOGL,2016-08-22,796.95
GOOGL,2016-08-23,796.59
GOOGL,2016-08-24,793.6
GOOGL,2016-08-25,791.3
GOOGL,2016-08-26,793.22
GOOGL,2016-08-29,795.82
GOOGL,2016-08-30,791.92
GOOGL,2016-08-31,789.85
GOOGL,2016-09-01,791.4
GOOGL,2016-09-02,796.87
GOOGL,2016-09-06,808.02
GOOGL,2016-09-07,807.99
GOOGL,2016-09-08,802.84
GOOGL,2016-09-09,788.48
GOOGL,2016-09-12,798.82
GOOGL,2016-09-13,788.72
GOOGL,2016-09-14,790.46
GOOGL,2016-09-15,801.23
GOOGL,2016-09-16,797.97
GOOGL,2016-09-19,795.39
GOOGL,2016-09-20,799.78
GOOGL,2016-09-21,805.03
GOOGL,2016-09-22,815.95
GOOGL,2016-09-23,814.96
GOOGL,2016-09-26,802.65
GOOGL,2016-09-27,810.73
GOOGL,2016-09-28,810.06
GOOGL,2016-09-29,802.64
GOOGL,2016-09-30,804.06
GOOGL,2016-10-03,800.38
GOOGL,2016-10-04,802.79
GOOGL,2016-10-05,801.23
GOOGL,2016-10-06,803.08
GOOGL,2016-10-07,800.71
GOOGL,2016-10-10,814.17
GOOGL,2016-10-11,809.57
GOOGL,2016-10-12,811.77
GOOGL,2016-10-13,804.08
GOOGL,2016-10-14,804.6
GOOGL,2016-10-17,806.84
GOOGL,2016-10-18,821.49
GOOGL,2016-10-19,827.09
GOOGL,2016-10-20,821.63
GOOGL,2016-10-21,824.06
GOOGL,2016-10-24,835.74
GOOGL,2016-10-25,828.55
GOOGL,2016-10-26,822.1
GOOGL,2016-10-27,817.35
GOOGL,2016-10-28,819.56
GOOGL,2016-10-31,809.9
GOOGL,2016-11-01,805.48
GOOGL,2016-11-02,788.42
GOOGL,2016-11-03,782.19
GOOGL,2016-11-04,781.1
GOOGL,2016-11-07,802.03
GOOGL,2016-11-08,811.98
GOOGL,2016-11-09,805.59
GOOGL,2016-11-10,780.29
GOOGL,2016-11-11,771.75
GOOGL,2016-11-14,753.22
GOOGL,2016-11-15,775.16
GOOGL,2016-11-16,779.98
GOOGL,2016-11-17,786.16
GOOGL,2016-11-18,775.97
GOOGL,2016-11-21,784.8
GOOGL,2016-11-22,785.0
GOOGL,2016-11-23,779.0
GOOGL,2016-11-25,780.23
GOOGL,2016-11-28,785.79
GOOGL,2016-11-29,789.44
GOOGL,2016-11-30,775.88
GOOGL,2016-12-01,764.33
GOOGL,2016-12-02,764.46
GOOGL,2016-12-05,778.22
GOOGL,2016-12-06,776.18
GOOGL,2016-12-07,791.47
GOOGL,2016-12-08,795.17
GOOGL,2016-12-09,809.45
GOOGL,2016-12-12,807.9
GOOGL,2016-12-13,815.34
GOOGL,2016-12-14,817.89
GOOGL,2016-12-15,815.65
GOOGL,2016-12-16,809.84
GOOGL,2016-12-19,812.5
GOOGL,2016-12-20,815.2
GOOGL,2016-12-21,812.2
GOOGL,2016-12-22,809.68
GOOGL,2016-12-23,807.8
GOOGL,2016-12-27,809.93
GOOGL,2016-12-28,804.57
GOOGL,2016-12-29,802.88
GOOGL,2016-12-30,792.45
GOOGL,2017-01-03,808.01
GOOGL,2017-01-04,807.77
GOOGL,2017-01-05,813.02
GOOGL,2017-01-06,825.21
GOOGL,2017-01-09,827.18
GOOGL,2017-01-10,826.01
GOOGL,2017-01-11,829.86
GOOGL,2017-01-12,829.53
GOOGL,2017-01-13,830.94
GOOGL,2017-01-17,827.46
GOOGL,2017-01-18,829.02
GOOGL,2017-01-19,824.37
GOOGL,2017-01-20,828.17
GOOGL,2017-01-23,844.43
GOOGL,2017-01-24,849.53
GOOGL,2017-01-25,858.45
GOOGL,2017-01-26,856.98
GOOGL,2017-01-27,845.03
GOOGL,2017-01-30,823.83
GOOGL,2017-01-31,820.19
GOOGL,2017-02-01,815.24
GOOGL,2017-02-02,818.26
GOOGL,2017-02-03,820.13
GOOGL,2017-02-06,821.62
GOOGL,2017-02-07,829.23
GOOGL,2017-02-08,829.88
GOOGL,2017-02-09,830.06
GOOGL,2017-02-10,834.85
GOOGL,2017-02-13,838.96
GOOGL,2017-02-14,840.03
GOOGL,2017-02-15,837.32
GOOGL,2017-02-16,842.17
GOOGL,2017-02-17,846.55
GOOGL,2017-02-21,849.27
GOOGL,2017-02-22,851.36
GOOGL,2017-02-23,851.0
GOOGL,2017-02-24,847.81
GOOGL,2017-02-27,849.67
GOOGL,2017-02-28,844.93
GOOGL,2017-03-01,856.75
GOOGL,2017-03-02,849.85
GOOGL,2017-03-03,849.08
GOOGL,2017-03-06,847.27
GOOGL,2017-03-07,851.15
GOOGL,2017-03-08,853.64
GOOGL,2017-03-09,857.84
GOOGL,2017-03-10,861.4
GOOGL,2017-03-13,864.58
GOOGL,2017-03-14,865.91
GOOGL,2017-03-15,868.39
GOOGL,2017-03-16,870.0
GOOGL,2017-03-17,872.37
GOOGL,2017-03-20,867.91
GOOGL,2017-03-21,850.14
GOOGL,2017-03-22,849.8
GOOGL,2017-03-23,839.65
GOOGL,2017-03-24,835.14
GOOGL,2017-03-27,838.51
GOOGL,2017-03-28,840.63
GOOGL,2017-03-29,849.87
GOOGL,2017-03-30,849.48
GOOGL,2017-03-31,847.8
GOOGL,2017-04-03,856.75
GOOGL,2017-04-04,852.57
GOOGL,2017-04-05,848.91
GOOGL,2017-04-06,845.1
GOOGL,2017-04-07,842.1
GOOGL,2017-04-10,841.7
GOOGL,2017-04-11,839.88
GOOGL,2017-04-12,841.46
GOOGL,2017-04-13,840.18
GOOGL,2017-04-17,855.13
GOOGL,2017-04-18,853.99
GOOGL,2017-04-19,856.51
GOOGL,2017-04-20,860.08
GOOGL,2017-04-21,858.95
GOOGL,2017-04-24,878.93
GOOGL,2017-04-25,888.84
GOOGL,2017-04-26,889.14
GOOGL,2017-04-27,891.44
GOOGL,2017-04-28,924.52
GOOGL,2017-05-01,932.82
GOOGL,2017-05-02,937.09
GOOGL,2017-05-03,948.45
GOOGL,2017-05-04,954.72
GOOGL,2017-05-05,950.28
GOOGL,2017-05-08,958.69
GOOGL,2017-05-09,956.71
GOOGL,2017-05-10,954.84
GOOGL,2017-05-11,955.89
GOOGL,2017-05-12,955.14
GOOGL,2017-05-15,959.22
GOOGL,2017-05-16,964.61
GOOGL,2017-05-17,942.17
GOOGL,2017-05-18,950.5
GOOGL,2017-05-19,954.65
GOOGL,2017-05-22,964.07
GOOGL,2017-05-23,970.55
GOOGL,2017-05-24,977.61
GOOGL,2017-05-25,991.86
GOOGL,2017-05-26,993.27
GOOGL,2017-05-30,996.17
GOOGL,2017-05-31,987.09
GOOGL,2017-06-01,988.29
GOOGL,2017-06-02,996.12
GOOGL,2017-06-05,1003.88
GOOGL,2017-06-06,996.68
GOOGL,2017-06-07,1001.59
GOOGL,2017-06-08,1004.28
GOOGL,2017-06-09,970.12
GOOGL,2017-06-12,961.81
GOOGL,2017-06-13,970.5
GOOGL,2017-06-14,967.93
GOOGL,2017-06-15,960.18
GOOGL,2017-06-16,958.62
GOOGL,2017-06-19,975.22
GOOGL,2017-06-20,968.99
GOOGL,2017-06-21,978.59
GOOGL,2017-06-22,976.62
GOOGL,2017-06-23,986.09
GOOGL,2017-06-26,972.09
GOOGL,2017-06-27,948.09
GOOGL,2017-06-28,961.01
GOOGL,2017-06-29,937.82
GOOGL,2017-06-30,929.68
GOOGL,2017-07-03,919.46
GOOGL,2017-07-05,932.26
GOOGL,2017-07-06,927.69
GOOGL,2017-07-07,940.81
GOOGL,2017-07-10,951.0
GOOGL,2017-07-11,953.53
GOOGL,2017-07-12,967.66
GOOGL,2017-07-13,968.85
GOOGL,2017-07-14,976.91
GOOGL,2017-07-17,975.96
GOOGL,2017-07-18,986.95
GOOGL,2017-07-19,992.77
GOOGL,2017-07-20,992.19
GOOGL,2017-07-21,993.84
GOOGL,2017-07-24,998.31
GOOGL,2017-07-25,969.03
GOOGL,2017-07-26,965.31
GOOGL,2017-07-27,952.51
GOOGL,2017-07-28,958.33
GOOGL,2017-07-31,945.5
GOOGL,2017-08-01,946.56
GOOGL,2017-08-02,947.64
GOOGL,2017-08-03,940.3
GOOGL,2017-08-04,945.79
GOOGL,2017-08-07,945.75
GOOGL,2017-08-08,944.19
GOOGL,2017-08-09,940.08
GOOGL,2017-08-10,923.59
GOOGL,2017-08-11,930.09
GOOGL,2017-08-14,938.93
GOOGL,2017-08-15,938.08
GOOGL,2017-08-16,944.27
GOOGL,2017-08-17,927.66
GOOGL,2017-08-18,926.18
GOOGL,2017-08-21,920.87
GOOGL,2017-08-22,940.4
GOOGL,2017-08-23,942.58
GOOGL,2017-08-24,936.89
GOOGL,2017-08-25,930.5
GOOGL,2017-08-28,928.13
GOOGL,2017-08-29,935.75
GOOGL,2017-08-30,943.63
GOOGL,2017-08-31,955.24
GOOGL,2017-09-01,951.99
GOOGL,2017-09-05,941.48
GOOGL,2017-09-06,942.02
GOOGL,2017-09-07,949.89
GOOGL,2017-09-08,941.41
GOOGL,2017-09-11,943.29
GOOGL,2017-09-12,946.65
GOOGL,2017-09-13,950.44
GOOGL,2017-09-14,940.13
GOOGL,2017-09-15,935.29
GOOGL,2017-09-18,929.75
GOOGL,2017-09-19,936.86
GOOGL,2017-09-20,947.54
GOOGL,2017-09-21,947.55
GOOGL,2017-09-22,943.26
GOOGL,2017-09-25,934.28
GOOGL,2017-09-26,937.43
GOOGL,2017-09-27,959.9
GOOGL,2017-09-28,964.81
GOOGL,2017-09-29,973.72
GOOGL,2017-10-02,967.47
GOOGL,2017-10-03,972.08
GOOGL,2017-10-04,966.78
GOOGL,2017-10-05,985.19
GOOGL,2017-10-06,993.64
GOOGL,2017-10-09,992.31
GOOGL,2017-10-10,987.8
GOOGL,2017-10-11,1005.65
GOOGL,2017-10-12,1005.65
GOOGL,2017-10-13,1007.87
GOOGL,2017-10-16,1009.35
GOOGL,2017-10-17,1011.0
GOOGL,2017-10-18,1012.74
GOOGL,2017-10-19,1001.84
GOOGL,2017-10-20,1005.07
GOOGL,2017-10-23,985.54
GOOGL,2017-10-24,988.49
GOOGL,2017-10-25,991.46
GOOGL,2017-10-26,991.42
GOOGL,2017-10-27,1033.67
GOOGL,2017-10-30,1033.13
GOOGL,2017-10-31,1033.04
GOOGL,2017-11-01,1042.6
GOOGL,2017-11-02,1042.97
GOOGL,2017-11-03,1049.99
GOOGL,2017-11-06,1042.68
GOOGL,2017-11-07,1052.39
GOOGL,2017-11-08,1058.29
GOOGL,2017-11-09,1047.72
GOOGL,2017-11-10,1044.15
GOOGL,2017-11-13,1041.2
GOOGL,2017-11-14,1041.64
GOOGL,2017-11-15,1036.41
GOOGL,2017-11-16,1048.47
GOOGL,2017-11-17,1035.89
GOOGL,2017-11-20,1034.66
GOOGL,2017-11-21,1050.3
GOOGL,2017-11-22,1051.92
GOOGL,2017-11-24,1056.52
GOOGL,2017-11-27,1072.01
GOOGL,2017-11-28,1063.29
GOOGL,2017-11-29,1037.38
GOOGL,2017-11-30,1036.17
GOOGL,2017-12-01,1025.07
GOOGL,2017-12-04,1011.87
GOOGL,2017-12-05,1019.6
GOOGL,2017-12-06,1032.72
GOOGL,2017-12-07,1044.57
GOOGL,2017-12-08,1049.38
GOOGL,2017-12-11,1051.97
GOOGL,2017-12-12,1048.77
GOOGL,2017-12-13,1051.39
GOOGL,2017-12-14,1057.47
GOOGL,2017-12-15,1072.0
GOOGL,2017-12-18,1085.09
GOOGL,2017-12-19,1079.78
GOOGL,2017-12-20,1073.56
GOOGL,2017-12-21,1070.85
GOOGL,2017-12-22,1068.86
GOOGL,2017-12-26,1065.85
GOOGL,2017-12-27,1060.2
GOOGL,2017-12-28,1055.95
GOOGL,2017-12-29,1053.4
