Date,Name,Volume,Volume Perc
2017-01-03,AAPL,28781865,0.49841336283282844
2017-01-04,AAPL,21118116,0.4822367478048335
2017-01-05,AAPL,22193587,0.47885386307342515
2017-01-06,AAPL,31751900,0.5711383040617735
2017-01-09,AAPL,33561948,0.616794724086849
2017-01-10,AAPL,24462051,0.528046194944224
2017-01-11,AAPL,27588593,0.5493622582501085
2017-01-12,AAPL,27086220,0.470444053130741
2017-01-13,AAPL,26111948,0.41869224059529203
2017-01-17,AAPL,34439843,0.472480550799594
2017-01-18,AAPL,23712961,0.4527726840051032
2017-01-19,AAPL,25597291,0.48546405669500275
2017-01-20,AAPL,32597892,0.4765279739278487
2017-01-23,AAPL,22050218,0.49041402410998297
2017-01-24,AAPL,23211038,0.46423152088665415
2017-01-25,AAPL,32586673,0.5277594592483481
2017-01-26,AAPL,26337576,0.5022046697548804
2017-01-27,AAPL,20562944,0.47454548005680436
2017-01-30,AAPL,30377503,0.5483463543504679
2017-01-31,AAPL,49200993,0.6635112980814648
2017-02-01,AAPL,111985040,0.8215289709115171
2017-02-02,AAPL,33710411,0.5971521063207594
2017-02-03,AAPL,24507301,0.4218218407327214
2017-02-06,AAPL,26845924,0.5764230454697639
2017-02-07,AAPL,38183841,0.6748309522338439
2017-02-08,AAPL,23004072,0.522246794755518
2017-02-09,AAPL,28349859,0.5801209309532337
2017-02-10,AAPL,20065458,0.5303640006067659
2017-02-13,AAPL,23035421,0.4576311070783183
2017-02-14,AAPL,33226223,0.5719722170655285
2017-02-15,AAPL,35623100,0.5913015164999683
2017-02-16,AAPL,22584555,0.4781968129168914
2017-02-17,AAPL,22198197,0.48151471062324647
2017-02-21,AAPL,24507156,0.5124385634883021
2017-02-22,AAPL,20836932,0.5270061099219411
2017-02-23,AAPL,20788186,0.5332173234366334
2017-02-24,AAPL,21776585,0.4820694506698761
2017-02-27,AAPL,20257426,0.5060093244938808
2017-02-28,AAPL,23482860,0.5092056773421313
2017-03-01,AAPL,36414585,0.5319858940539369
2017-03-02,AAPL,26210984,0.5308587051381993
2017-03-03,AAPL,21571121,0.5500597040036987
2017-03-06,AAPL,21750044,0.4980329455797868
2017-03-07,AAPL,17446297,0.5003252948072017
2017-03-08,AAPL,18707236,0.43544507525677134
2017-03-09,AAPL,22155904,0.4954128608582142
2017-03-10,AAPL,19612801,0.4876853778987089
2017-03-13,AAPL,17421717,0.5126374450925835
2017-03-14,AAPL,15309065,0.48011054318778124
2017-03-15,AAPL,25691774,0.5137967808264682
2017-03-16,AAPL,19231998,0.4692718986600983
2017-03-17,AAPL,43884952,0.5714683739992635
2017-03-20,AAPL,21542038,0.5072691097204995
2017-03-21,AAPL,39529912,0.4735951827319504
2017-03-22,AAPL,25860165,0.4695264567210486
2017-03-23,AAPL,20346301,0.4479886409058881
2017-03-24,AAPL,22395563,0.48734289489330146
2017-03-27,AAPL,23575094,0.4889635203142429
2017-03-28,AAPL,33374805,0.5781798784153804
2017-03-29,AAPL,29189955,0.6027712528509328
2017-03-30,AAPL,21207252,0.5339371473789504
2017-03-31,AAPL,19661651,0.43729938128890355
2017-04-03,AAPL,19985714,0.4037867112550338
2017-04-04,AAPL,19891354,0.45607495775288526
2017-04-05,AAPL,27717854,0.45472085598083867
2017-04-06,AAPL,21149034,0.4515005810853733
2017-04-07,AAPL,16672198,0.4366719975358917
2017-04-10,AAPL,18933397,0.4504148342358054
2017-04-11,AAPL,30379376,0.5631142749713085
2017-04-12,AAPL,20350000,0.48510730120576934
2017-04-13,AAPL,17822880,0.3193701761975495
2017-04-17,AAPL,16582094,0.3831550893576747
2017-04-18,AAPL,14697544,0.3758434268205311
2017-04-19,AAPL,17328375,0.2979854791282868
2017-04-20,AAPL,23319562,0.47161643887589527
2017-04-21,AAPL,17320928,0.3737579041677384
2017-04-24,AAPL,17134333,0.324867040120622
2017-04-25,AAPL,18871501,0.3980965578862404
2017-04-26,AAPL,20041241,0.4872226360900072
2017-04-27,AAPL,14246347,0.3620771795245793
2017-04-28,AAPL,20860358,0.44402000039505607
2017-05-01,AAPL,33602943,0.5415911977347612
2017-05-02,AAPL,45352194,0.6613543789108068
2017-05-03,AAPL,45697034,0.6857461532208503
2017-05-04,AAPL,23371872,0.5366770557522385
2017-05-05,AAPL,27327725,0.5082616504784037
2017-05-08,AAPL,48752413,0.6994706768355917
2017-05-09,AAPL,39130363,0.6393077353165707
2017-05-10,AAPL,25805692,0.6088703555237995
2017-05-11,AAPL,27255058,0.579702846080746
2017-05-12,AAPL,32527017,0.6528615369657588
2017-05-15,AAPL,26009719,0.5818840643096893
2017-05-16,AAPL,20048478,0.506469982074654
2017-05-17,AAPL,50767678,0.5753784819413789
2017-05-18,AAPL,33568215,0.5091302818857102
2017-05-19,AAPL,26960788,0.5250466617687113
2017-05-22,AAPL,22966437,0.5476729552789401
2017-05-23,AAPL,19918871,0.5214718382047158
2017-05-24,AAPL,19219154,0.5268358763283592
2017-05-25,AAPL,19235598,0.47107813440833607
2017-05-26,AAPL,21927637,0.5833342156560153
2017-05-30,AAPL,20126851,0.48880275903720466
2017-05-31,AAPL,24451164,0.3946301033754148
2017-06-01,AAPL,16404088,0.4079915678215563
2017-06-02,AAPL,27770715,0.53567260055234
2017-06-05,AAPL,25331662,0.5962373372605998
2017-06-06,AAPL,26624926,0.5603187847094776
2017-06-07,AAPL,21069647,0.4805641502534648
2017-06-08,AAPL,21250798,0.4486460960409451
2017-06-09,AAPL,64882657,0.6510411646464848
2017-06-12,AAPL,72307330,0.6665403103178202
2017-06-13,AAPL,34165445,0.6011702193812501
2017-06-14,AAPL,31531232,0.5606848359864444
2017-06-15,AAPL,32165373,0.5630122713372262
2017-06-16,AAPL,50361093,0.5718205630137069
2017-06-19,AAPL,32541404,0.5454880438085445
2017-06-20,AAPL,24900073,0.5418496691462563
2017-06-21,AAPL,21265751,0.540900750443083
2017-06-22,AAPL,19106294,0.5174127453539523
2017-06-23,AAPL,35439389,0.5718174522631091
2017-06-26,AAPL,25692361,0.5998354841455568
2017-06-27,AAPL,24761891,0.5075247401978191
2017-06-28,AAPL,22082432,0.4576413944770508
2017-06-29,AAPL,31499368,0.4501904250807576
2017-06-30,AAPL,23024107,0.4682899381385846
2017-07-03,AAPL,14277848,0.40896085800775395
2017-07-05,AAPL,21569557,0.4455017393410177
2017-07-06,AAPL,24128782,0.49487938064964965
2017-07-07,AAPL,19201712,0.4950646838446874
2017-07-10,AAPL,21090636,0.48728688599660586
2017-07-11,AAPL,19781836,0.4832428497444767
2017-07-12,AAPL,24884478,0.5324805163891889
2017-07-13,AAPL,25199373,0.5612218897394705
2017-07-14,AAPL,20132061,0.4124942388875327
2017-07-17,AAPL,23793456,0.4925842982463441
2017-07-18,AAPL,17868792,0.3920660563845779
2017-07-19,AAPL,20922969,0.40830136467269024
2017-07-20,AAPL,17243748,0.4254186891352069
2017-07-21,AAPL,26252630,0.5477139354509206
2017-07-24,AAPL,21493160,0.495594709339314
2017-07-25,AAPL,18853932,0.39367819116016173
2017-07-26,AAPL,15780951,0.4303306291673667
2017-07-27,AAPL,32476337,0.4924449842945706
2017-07-28,AAPL,17213653,0.4397563321692099
2017-07-31,AAPL,19845920,0.4374487338589837
2017-08-01,AAPL,35368645,0.6203188532995642
2017-08-02,AAPL,69936800,0.7792161141689186
2017-08-03,AAPL,27097296,0.594353934000126
2017-08-04,AAPL,20559852,0.4963973629617733
2017-08-07,AAPL,21870321,0.5667456566009675
2017-08-08,AAPL,36205896,0.6279434347706144
2017-08-09,AAPL,26131530,0.5775903682045681
2017-08-10,AAPL,40804273,0.6092610585092009
2017-08-11,AAPL,26257096,0.583157779948636
2017-08-14,AAPL,22122734,0.5573931916436224
2017-08-15,AAPL,29465487,0.6320959209925121
2017-08-16,AAPL,27671612,0.5948049575770996
2017-08-17,AAPL,27940565,0.5435039884488481
2017-08-18,AAPL,27428069,0.5569858353180523
2017-08-21,AAPL,26368528,0.5791842688549061
2017-08-22,AAPL,21604585,0.5702542590998477
2017-08-23,AAPL,19399081,0.5379455960384032
2017-08-24,AAPL,19818918,0.5144490327739316
2017-08-25,AAPL,25480063,0.570538107462602
2017-08-28,AAPL,25965972,0.617656772380936
2017-08-29,AAPL,29516910,0.6221239169152525
2017-08-30,AAPL,27269584,0.6313011915638724
2017-08-31,AAPL,26785096,0.5501857920538503
2017-09-01,AAPL,16591051,0.4976705155947881
2017-09-05,AAPL,29536314,0.5456947119962158
2017-09-06,AAPL,21651726,0.5373687060371577
2017-09-07,AAPL,21928502,0.49397102433386847
2017-09-08,AAPL,28611535,0.5742389283803317
2017-09-11,AAPL,31580798,0.5965703511989675
2017-09-12,AAPL,71714046,0.7571016237725915
2017-09-13,AAPL,44907361,0.6807879521678868
2017-09-14,AAPL,23760749,0.5472169299896239
2017-09-15,AAPL,49114602,0.6105889627371376
2017-09-18,AAPL,28269435,0.5952384436631348
2017-09-19,AAPL,20810632,0.5098779794431086
2017-09-20,AAPL,52951364,0.6736533897944229
2017-09-21,AAPL,37511661,0.6866870996611621
2017-09-22,AAPL,46645443,0.7583062767118754
2017-09-25,AAPL,44387336,0.6618921284000467
2017-09-26,AAPL,36660045,0.6576456604866647
2017-09-27,AAPL,25182779,0.5134079383476119
2017-09-28,AAPL,22005455,0.5646168347683063
2017-09-29,AAPL,26299810,0.5848586691046777
2017-10-02,AAPL,18698842,0.4739723149567196
2017-10-03,AAPL,16230293,0.5085157620278177
2017-10-04,AAPL,20163750,0.5284010295928948
2017-10-05,AAPL,21283769,0.49248948849561547
2017-10-06,AAPL,17407558,0.4890080102096498
2017-10-09,AAPL,16262923,0.5255490839251215
2017-10-10,AAPL,15617014,0.45228082463952596
2017-10-11,AAPL,16905640,0.7412985998647077
2017-10-12,AAPL,16125054,0.37292851047994985
2017-10-13,AAPL,16394188,0.4572938877573671
2017-10-16,AAPL,24121452,0.5650708428979052
2017-10-17,AAPL,18997275,0.48663427352179967
2017-10-18,AAPL,16374164,0.2693010871290155
2017-10-19,AAPL,42584166,0.6408005111697396
2017-10-20,AAPL,23974146,0.46878789911207724
2017-10-23,AAPL,21984327,0.5217503209806084
2017-10-24,AAPL,17757230,0.4117925545058026
2017-10-25,AAPL,21207098,0.4481370174236735
2017-10-26,AAPL,17000469,0.4014858012795519
2017-10-27,AAPL,44454160,0.5454568031521778
2017-10-30,AAPL,44700772,0.6701376498927364
2017-10-31,AAPL,36046828,0.6668111273766093
2017-11-01,AAPL,33637762,0.6567972859268051
2017-11-02,AAPL,41393373,0.7070670124311007
2017-11-03,AAPL,59398631,0.7808016046500041
2017-11-06,AAPL,35026306,0.6743270702604511
2017-11-07,AAPL,24361485,0.4788091139414858
2017-11-08,AAPL,24409527,0.47521999938946385
2017-11-09,AAPL,29482596,0.5512391505382335
2017-11-10,AAPL,25145500,0.599861413179546
2017-11-13,AAPL,16982080,0.4817357428365903
2017-11-14,AAPL,24782487,0.5661566338800141
2017-11-15,AAPL,29158070,0.5384742809802949
2017-11-16,AAPL,23637484,0.558889218541473
2017-11-17,AAPL,21899544,0.553257582793058
2017-11-20,AAPL,16262447,0.47189068941909246
2017-11-21,AAPL,25131295,0.5479211855662192
2017-11-22,AAPL,25588925,0.6329671501231604
2017-11-24,AAPL,14026673,0.6032167896945962
2017-11-27,AAPL,20716802,0.45349450108856576
2017-11-28,AAPL,26428802,0.4934793172192242
2017-11-29,AAPL,41666364,0.5213414029894551
2017-11-30,AAPL,41527218,0.5274122965911808
2017-12-01,AAPL,39759288,0.5599440327606925
2017-12-04,AAPL,32542385,0.4740050792316291
2017-12-05,AAPL,27350154,0.49153984710483045
2017-12-06,AAPL,28560000,0.5520353316529115
2017-12-07,AAPL,25673308,0.5477396309201276
2017-12-08,AAPL,23355231,0.5191097974042633
2017-12-11,AAPL,35273759,0.6593981146214632
2017-12-12,AAPL,19409230,0.42969461204896436
2017-12-13,AAPL,23818447,0.4910902948375086
2017-12-14,AAPL,20476541,0.47718975101984495
2017-12-15,AAPL,40169307,0.45252846615945125
2017-12-18,AAPL,29421114,0.5691912871914794
2017-12-19,AAPL,27436447,0.5762973452609285
2017-12-20,AAPL,23475649,0.5316002053063624
2017-12-21,AAPL,20949896,0.51306735153049
2017-12-22,AAPL,16349444,0.44930975979055904
2017-12-26,AAPL,33185536,0.721546323265013
2017-12-27,AAPL,21498213,0.5950662307024394
2017-12-28,AAPL,16480187,0.5597073809656344
2017-12-29,AAPL,25999922,0.6172609811710857
2017-01-03,IBM,2934299,0.05081303216963201
2017-01-04,IBM,3381432,0.07721573129928797
2017-01-05,IBM,2682301,0.05787393429352864
2017-01-06,IBM,2945536,0.05298292182807643
2017-01-09,IBM,3189891,0.0586231746504143
2017-01-10,IBM,4118694,0.088907536610058
2017-01-11,IBM,3599464,0.07167490098280722
2017-01-12,IBM,2927973,0.05085417919434219
2017-01-13,IBM,2875433,0.04610615360645028
2017-01-17,IBM,3315655,0.04548750412890755
2017-01-18,IBM,4007779,0.07652409392185516
2017-01-19,IBM,6963386,0.1320637256455454
2017-01-20,IBM,12690029,0.18550751099045434
2017-01-23,IBM,5478224,0.1218399689661067
2017-01-24,IBM,6952369,0.13905060319298201
2017-01-25,IBM,5922462,0.09591759620685703
2017-01-26,IBM,3063924,0.058422876143729104
2017-01-27,IBM,3482311,0.08036373318927924
2017-01-30,IBM,4094755,0.0739146985256935
2017-01-31,IBM,4138962,0.05581692323424967
2017-02-01,IBM,2795745,0.02050975302398445
2017-02-02,IBM,2620526,0.046420455110093864
2017-02-03,IBM,3309288,0.05695975887653667
2017-02-06,IBM,2650785,0.05691640796515583
2017-02-07,IBM,3873455,0.06845637467652728
2017-02-08,IBM,2913126,0.06613484413624524
2017-02-09,IBM,3090710,0.06324495520441456
2017-02-10,IBM,2930710,0.07746362331815476
2017-02-13,IBM,3093372,0.06145419495328831
2017-02-14,IBM,2776528,0.04779649122033876
2017-02-15,IBM,2914292,0.048373815842072294
2017-02-16,IBM,3251547,0.06884702454617678
2017-02-17,IBM,3552495,0.07705934864509627
2017-02-21,IBM,4480299,0.09368194267658296
2017-02-22,IBM,3020540,0.07639526947938495
2017-02-23,IBM,2282526,0.05854683060823706
2017-02-24,IBM,3300093,0.0730543388538425
2017-02-27,IBM,3691327,0.09220548956990011
2017-02-28,IBM,3273420,0.07098130501673473
2017-03-01,IBM,3005564,0.043908715468714714
2017-03-02,IBM,2918183,0.059102811582209425
2017-03-03,IBM,1825048,0.04653839560181144
2017-03-06,IBM,3204434,0.07337519427252738
2017-03-07,IBM,2980516,0.08547530437992552
2017-03-08,IBM,3557396,0.08280488731409265
2017-03-09,IBM,5444076,0.12173122188512565
2017-03-10,IBM,3100326,0.07709167379606781
2017-03-13,IBM,3482189,0.10246409537530073
2017-03-14,IBM,3147497,0.09870926110457509
2017-03-15,IBM,3815537,0.07630499270794924
2017-03-16,IBM,4311848,0.10521159048028954
2017-03-17,IBM,5920967,0.07710263381382523
2017-03-20,IBM,2476125,0.05830746953035139
2017-03-21,IBM,3927741,0.047057003734760995
2017-03-22,IBM,3450512,0.06264873689837086
2017-03-23,IBM,3739976,0.08234748740130403
2017-03-24,IBM,3221675,0.07010586967183531
2017-03-27,IBM,3259049,0.06759489790015738
2017-03-28,IBM,3523870,0.061046970256503574
2017-03-29,IBM,3085606,0.0637176245877856
2017-03-30,IBM,3168254,0.07976745421481053
2017-03-31,IBM,2913684,0.06480392773075759
2017-04-03,IBM,4286498,0.08660340732491617
2017-04-04,IBM,3108885,0.07128145198328774
2017-04-05,IBM,6238894,0.10235118563124398
2017-04-06,IBM,3435403,0.07334077058850227
2017-04-07,IBM,3588302,0.09398346889246609
2017-04-10,IBM,3789936,0.09016043952410185
2017-04-11,IBM,4891911,0.09067681034624175
2017-04-12,IBM,3276931,0.07811612548636476
2017-04-13,IBM,3205462,0.057439031387438465
2017-04-17,IBM,3720218,0.08596142683909704
2017-04-18,IBM,6345465,0.1622652948254308
2017-04-19,IBM,19284284,0.33162005135426464
2017-04-20,IBM,6487379,0.1312012027334933
2017-04-21,IBM,5607756,0.12100639929015697
2017-04-24,IBM,5320608,0.100878754521819
2017-04-25,IBM,4860407,0.10253086368838324
2017-04-26,IBM,4328001,0.10521803795584252
2017-04-27,IBM,4122943,0.10478641105545214
2017-04-28,IBM,4154147,0.08842246871223979
2017-05-01,IBM,4935312,0.07954426900271025
2017-05-02,IBM,3208239,0.04678457036152271
2017-05-03,IBM,3993396,0.059926338879839135
2017-05-04,IBM,4280613,0.09829365750654277
2017-05-05,IBM,12521335,0.23288123666690158
2017-05-08,IBM,7491966,0.10749028009853052
2017-05-09,IBM,6853043,0.11196429229028818
2017-05-10,IBM,4999861,0.11796882426712603
2017-05-11,IBM,5627964,0.11970426731214366
2017-05-12,IBM,3715702,0.07457920038061726
2017-05-15,IBM,4245471,0.09497880082398895
2017-05-16,IBM,5513690,0.13928830285596736
2017-05-17,IBM,5191494,0.05883810436884225
2017-05-18,IBM,3274371,0.04966249859363671
2017-05-19,IBM,5643264,0.10989949272549247
2017-05-22,IBM,3302539,0.07875454490628891
2017-05-23,IBM,2564503,0.06713814721183285
2017-05-24,IBM,3732399,0.1023126042890385
2017-05-25,IBM,2582815,0.0632529163752469
2017-05-26,IBM,2443507,0.06500386882977782
2017-05-30,IBM,3666032,0.08903362758131819
2017-05-31,IBM,3543404,0.057188847402964475
2017-06-01,IBM,2918126,0.0725776892833571
2017-06-02,IBM,3585701,0.06916500995646407
2017-06-05,IBM,3975268,0.09356682586469336
2017-06-06,IBM,3797173,0.07991110888689949
2017-06-07,IBM,4865712,0.110978923978085
2017-06-08,IBM,3708962,0.07830347461136357
2017-06-09,IBM,4361460,0.043763466683540066
2017-06-12,IBM,6471479,0.05965510856057411
2017-06-13,IBM,3523529,0.06199950569723875
2017-06-14,IBM,3049726,0.05422988616853268
2017-06-15,IBM,4654297,0.08146730726387155
2017-06-16,IBM,6741963,0.07655102081437312
2017-06-19,IBM,4629592,0.07760535113087583
2017-06-20,IBM,4481843,0.09752923803538507
2017-06-21,IBM,3959668,0.10071534236930835
2017-06-22,IBM,2376819,0.06436603791396885
2017-06-23,IBM,3282205,0.05295864725278525
2017-06-26,IBM,2153494,0.05027728343434656
2017-06-27,IBM,2386491,0.04891400356941372
2017-06-28,IBM,2220954,0.04602756098736697
2017-06-29,IBM,3262159,0.04662292738352779
2017-06-30,IBM,3571536,0.07264187803243478
2017-07-03,IBM,2822651,0.08084928308638982
2017-07-05,IBM,3564354,0.07361884653575008
2017-07-06,IBM,2757522,0.05655655471908127
2017-07-07,IBM,2460060,0.06342605420490431
2017-07-10,IBM,3206209,0.07407759535863649
2017-07-11,IBM,3447509,0.0842178690430823
2017-07-12,IBM,3097850,0.06628810006367218
2017-07-13,IBM,2476112,0.05514614414599045
2017-07-14,IBM,3256372,0.06672117125388566
2017-07-17,IBM,4762592,0.0985976160064201
2017-07-18,IBM,7566818,0.16602647188684266
2017-07-19,IBM,14293610,0.2789327111797189
2017-07-20,IBM,7212233,0.17793224005579766
2017-07-21,IBM,6509459,0.13580816118409522
2017-07-24,IBM,3877593,0.0894105183123914
2017-07-25,IBM,4208895,0.0878835338105096
2017-07-26,IBM,3932361,0.10723152129698744
2017-07-27,IBM,6430841,0.09751208688485653
2017-07-28,IBM,3054834,0.07804169139611425
2017-07-31,IBM,4355718,0.09600982590611998
2017-08-01,IBM,3219477,0.056465331958980076
2017-08-02,IBM,3540949,0.039452255754485736
2017-08-03,IBM,3035393,0.06657851657178061
2017-08-04,IBM,2549400,0.061552750337635936
2017-08-07,IBM,4618284,0.11967782265060228
2017-08-08,IBM,3298718,0.057211905797322396
2017-08-09,IBM,2925770,0.06466887210897637
2017-08-10,IBM,4525378,0.06756980060481044
2017-08-11,IBM,3004360,0.06672542568174653
2017-08-14,IBM,2248607,0.056654762132121235
2017-08-15,IBM,4681545,0.10042886779515608
2017-08-16,IBM,3287821,0.07067214697958678
2017-08-17,IBM,4422087,0.08601908808099624
2017-08-18,IBM,4152714,0.0843297745870105
2017-08-21,IBM,3190691,0.07008347352483724
2017-08-22,IBM,2544446,0.06716079797642821
2017-08-23,IBM,4048317,0.11226172525994402
2017-08-24,IBM,3592183,0.09324399394038363
2017-08-25,IBM,2872893,0.06432852756928259
2017-08-28,IBM,5134463,0.12213430117267852
2017-08-29,IBM,3009520,0.0634312456972898
2017-08-30,IBM,2735966,0.06333864850590466
2017-08-31,IBM,3656428,0.07510575042433582
2017-09-01,IBM,3351733,0.10053966383721356
2017-09-05,IBM,3098735,0.05725031577662649
2017-09-06,IBM,3273344,0.08124029602510645
2017-09-07,IBM,4188158,0.09434427838855959
2017-09-08,IBM,3366169,0.06755964960660421
2017-09-11,IBM,4613381,0.08714809307176608
2017-09-12,IBM,5238148,0.05530032925992144
2017-09-13,IBM,4100980,0.06217015905435771
2017-09-14,IBM,3756861,0.08652159672313986
2017-09-15,IBM,7397233,0.09196183295132727
2017-09-18,IBM,3019514,0.06357858987910607
2017-09-19,IBM,3464383,0.08488029599759657
2017-09-20,IBM,5447519,0.069303968077565
2017-09-21,IBM,2555596,0.04678264727188879
2017-09-22,IBM,2792323,0.04539427479565226
2017-09-25,IBM,5213144,0.07773701440014182
2017-09-26,IBM,4488620,0.08052149048299458
2017-09-27,IBM,3486610,0.07108243502125668
2017-09-28,IBM,2774788,0.07119562025475405
2017-09-29,IBM,2654731,0.059036260698876915
2017-10-02,IBM,2973224,0.07536433872027357
2017-10-03,IBM,2302724,0.0721472772918976
2017-10-04,IBM,2244433,0.05881647550938043
2017-10-05,IBM,2686539,0.06216437595867171
2017-10-06,IBM,2623184,0.07368971502227883
2017-10-09,IBM,2682556,0.0866888964780709
2017-10-10,IBM,4032601,0.11678724919643263
2017-10-11,IBM,254256,0.01114891934331981
2017-10-12,IBM,3264344,0.07549537171250165
2017-10-13,IBM,2506584,0.06991779906088745
2017-10-16,IBM,3052091,0.0714984999232679
2017-10-17,IBM,6372393,0.16323524495752162
2017-10-18,IBM,30490192,0.5014632717964967
2017-10-19,IBM,9914169,0.1491870138544732
2017-10-20,IBM,7868803,0.15386573631848288
2017-10-23,IBM,5779378,0.1371610023162531
2017-10-24,IBM,8194690,0.19003596442030404
2017-10-25,IBM,6921137,0.1462537539252486
2017-10-26,IBM,4300543,0.10156231291573004
2017-10-27,IBM,4895186,0.06006440131576655
2017-10-30,IBM,4210402,0.06312080921966352
2017-10-31,IBM,4328258,0.08006614608522082
2017-11-01,IBM,3240246,0.06326772805322739
2017-11-02,IBM,3397628,0.05803708432536425
2017-11-03,IBM,4431825,0.05825683207291436
2017-11-06,IBM,4498871,0.08661234504459893
2017-11-07,IBM,3701052,0.07274176548643746
2017-11-08,IBM,4634439,0.09022616860828592
2017-11-09,IBM,4776532,0.0893073134468447
2017-11-10,IBM,4307276,0.10275272586802181
2017-11-13,IBM,5107546,0.14488728509005114
2017-11-14,IBM,3757951,0.08585049952597706
2017-11-15,IBM,4773328,0.08815104575450669
2017-11-16,IBM,5446453,0.1287769823976554
2017-11-17,IBM,4916500,0.12420765043336382
2017-11-20,IBM,5676495,0.16471599501809484
2017-11-21,IBM,3756184,0.08189362269174204
2017-11-22,IBM,3213596,0.07949144802945758
2017-11-24,IBM,1193025,0.051306016082744335
2017-11-27,IBM,3374042,0.07385838284508713
2017-11-28,IBM,3973670,0.07419647543821754
2017-11-29,IBM,5098702,0.06379641031564791
2017-11-30,IBM,6500769,0.08256236928509764
2017-12-01,IBM,5567852,0.0784140174415268
2017-12-04,IBM,4664316,0.06793938044618904
2017-12-05,IBM,5068043,0.091083402358199
2017-12-06,IBM,3410728,0.0659258530342392
2017-12-07,IBM,3771429,0.08046337965101598
2017-12-08,IBM,3520281,0.07824424244470446
2017-12-11,IBM,4102719,0.07669511983176092
2017-12-12,IBM,6321801,0.1399562902879586
2017-12-13,IBM,5661618,0.11673160944864902
2017-12-14,IBM,4637440,0.10807190721174391
2017-12-15,IBM,11279854,0.12707351483864412
2017-12-18,IBM,5092838,0.09852784692917063
2017-12-19,IBM,4116449,0.08646522746192332
2017-12-20,IBM,3785667,0.08572548321971935
2017-12-21,IBM,4153935,0.10173074028051528
2017-12-22,IBM,2990583,0.08218616665886187
2017-12-26,IBM,2479017,0.05390075970632093
2017-12-27,IBM,2149257,0.059491003359248174
2017-12-28,IBM,2687624,0.09127827190676793
2017-12-29,IBM,3327087,0.07898796719703868
2017-01-03,JPM,20550714,0.3558751482350323
2017-01-04,JPM,15266596,0.34861602261727703
2017-01-05,JPM,14300816,0.30855764715736345
2017-01-06,JPM,12893298,0.2319186049805856
2017-01-09,JPM,12806609,0.23535728214116644
2017-01-10,JPM,13989033,0.3019720483208535
2017-01-11,JPM,14713067,0.29297629324210733
2017-01-12,JPM,21337435,0.37059690886412844
2017-01-13,JPM,28295985,0.4537121994690237
2017-01-17,JPM,30024625,0.4119081308689839
2017-01-18,JPM,21270134,0.40612961242285184
2017-01-19,JPM,16555554,0.31398347605116417
2017-01-20,JPM,18436790,0.26951577680032873
2017-01-23,JPM,12179161,0.2708740274718991
2017-01-24,JPM,15175319,0.30351341544096994
2017-01-25,JPM,17550952,0.2842475185120529
2017-01-26,JPM,15962835,0.30437919873592945
2017-01-27,JPM,12535420,0.2892886787812906
2017-01-30,JPM,13661859,0.24661113773242418
2017-01-31,JPM,15655126,0.21112079940924952
2017-02-01,JPM,15430940,0.11320230147167305
2017-02-02,JPM,11081359,0.19629712814081393
2017-02-03,JPM,17885244,0.3078424076985818
2017-02-06,JPM,11828416,0.25397418147363016
2017-02-07,JPM,9392832,0.1660014706936508
2017-02-08,JPM,13970870,0.31717176321853036
2017-02-09,JPM,13749123,0.28134722061758816
2017-02-10,JPM,10992466,0.2905494728450182
2017-02-13,JPM,18739103,0.3722786942571892
2017-02-14,JPM,17932086,0.308691571293846
2017-02-15,JPM,17381807,0.2885175304397923
2017-02-16,JPM,17672724,0.3741955638426286
2017-02-17,JPM,15776589,0.34221967157769134
2017-02-21,JPM,14068315,0.29416498304825467
2017-02-22,JPM,11838980,0.29943058772969366
2017-02-23,JPM,11066952,0.2838675064790019
2017-02-24,JPM,15062298,0.3334349128977741
2017-02-27,JPM,12360988,0.30876455814065257
2017-02-28,JPM,15183542,0.32924208501701663
2017-03-01,JPM,24451380,0.35721371670589
2017-03-02,JPM,16862487,0.34152086828291983
2017-03-03,JPM,12861607,0.32796866418912113
2017-03-06,JPM,15059178,0.34482536115100837
2017-03-07,JPM,11156845,0.31995624995626604
2017-03-08,JPM,17378401,0.4045140143251173
2017-03-09,JPM,13726237,0.3069229014978523
2017-03-10,JPM,13729948,0.34140431440208985
2017-03-13,JPM,10004297,0.2943784044952284
2017-03-14,JPM,10237702,0.32106654901619625
2017-03-15,JPM,16601394,0.3320028735435647
2017-03-16,JPM,14492039,0.3536141516334492
2017-03-17,JPM,21734743,0.28302909483646865
2017-03-20,JPM,14623597,0.3443545606549096
2017-03-21,JPM,33089241,0.39643157156172126
2017-03-22,JPM,21741025,0.394737869372981
2017-03-23,JPM,16090092,0.35427463926394787
2017-03-24,JPM,16093237,0.3501999350399894
2017-03-27,JPM,16689294,0.34614733437751605
2017-03-28,JPM,16264403,0.2817619623257349
2017-03-29,JPM,10207578,0.2107860248374353
2017-03-30,JPM,11630996,0.29283477300198923
2017-03-31,JPM,16987605,0.3778252983984043
2017-04-03,JPM,19831778,0.4006766241606345
2017-04-04,JPM,14280832,0.32743521889339716
2017-04-05,JPM,17635486,0.2893161674622464
2017-04-06,JPM,14379588,0.3069829259231538
2017-04-07,JPM,13097108,0.34303457242430224
2017-04-10,JPM,15081616,0.3587831370486802
2017-04-11,JPM,14690492,0.2723040049128003
2017-04-12,JPM,14730636,0.3511517972975209
2017-04-13,JPM,30529763,0.5470662310793444
2017-04-17,JPM,19071650,0.4406801553499996
2017-04-18,JPM,14127049,0.36125481284638833
2017-04-19,JPM,17588506,0.30245879302362444
2017-04-20,JPM,15635808,0.31621966518527383
2017-04-21,JPM,19820592,0.4276966525860417
2017-04-24,JPM,25468285,0.4828788120843943
2017-04-25,JPM,18253752,0.38506506926550654
2017-04-26,JPM,12832154,0.31196251263047686
2017-04-27,JPM,13329025,0.3387630371359483
2017-04-28,JPM,10755629,0.22893731703113995
2017-05-01,JPM,15712266,0.2532404665289931
2017-05-02,JPM,14414164,0.21019645664195455
2017-05-03,JPM,11540536,0.17318144035577318
2017-05-04,JPM,11540103,0.2649898348372597
2017-05-05,JPM,9436036,0.17549851776295444
2017-05-08,JPM,8162209,0.11710652873127651
2017-05-09,JPM,10273937,0.16785449693515805
2017-05-10,JPM,8334867,0.1966563591293574
2017-05-11,JPM,10907382,0.23199511770218575
2017-05-12,JPM,8738802,0.1753996594572274
2017-05-15,JPM,8835631,0.19766891280219848
2017-05-16,JPM,9794968,0.24744308607275872
2017-05-17,JPM,24679728,0.27970915729819557
2017-05-18,JPM,23350068,0.3541512917171944
2017-05-19,JPM,13412878,0.26120849355779174
2017-05-22,JPM,11635998,0.27747975936710756
2017-05-23,JPM,11753016,0.30769147799438207
2017-05-24,JPM,9923251,0.27201637681925367
2017-05-25,JPM,12238543,0.29972086151499944
2017-05-26,JPM,8113464,0.21583999948071542
2017-05-30,JPM,12603176,0.3060820195584238
2017-05-31,JPM,28327925,0.4571991734692466
2017-06-01,JPM,17123490,0.4258840559546341
2017-06-02,JPM,14998489,0.2893076252082694
2017-06-05,JPM,9080165,0.21372199745468318
2017-06-06,JPM,12196816,0.256680717852328
2017-06-07,JPM,13711071,0.3127270800588127
2017-06-08,JPM,17950964,0.378980117300609
2017-06-09,JPM,19120172,0.19185433554487616
2017-06-12,JPM,16053405,0.14798280548262047
2017-06-13,JPM,12557225,0.22095511146041621
2017-06-14,JPM,16175654,0.287633667785752
2017-06-15,JPM,12509682,0.21896542211795322
2017-06-16,JPM,16936572,0.19230480435685113
2017-06-19,JPM,15972336,0.26774254484203547
2017-06-20,JPM,11197809,0.2436751531536864
2017-06-21,JPM,10005941,0.2545041083096107
2017-06-22,JPM,12180579,0.3298591982511469
2017-06-23,JPM,18812029,0.30353363300591113
2017-06-26,JPM,10082422,0.23539270998604653
2017-06-27,JPM,15415152,0.3159520819274219
2017-06-28,JPM,17466177,0.3619730652159595
2017-06-29,JPM,27697818,0.39585849656505673
2017-06-30,JPM,16892700,0.3435825518876223
2017-07-03,JPM,13208087,0.37831965938851997
2017-07-05,JPM,17535404,0.36217957476119883
2017-07-06,JPM,16596123,0.34038514962858074
2017-07-07,JPM,12817808,0.3304728278969034
2017-07-10,JPM,13987191,0.3231659180989019
2017-07-11,JPM,13262282,0.3239791770488279
2017-07-12,JPM,13540107,0.28973254602024895
2017-07-13,JPM,12820084,0.2855194757861138
2017-07-14,JPM,22235168,0.4555856800104283
2017-07-17,JPM,14374219,0.29758243522732747
2017-07-18,JPM,14719404,0.32296411971281447
2017-07-19,JPM,11651245,0.22736826851083414
2017-07-20,JPM,11561740,0.2852384687436912
2017-07-21,JPM,10971292,0.2288962865168633
2017-07-24,JPM,10725116,0.24730243233895927
2017-07-25,JPM,16447678,0.3434345750172848
2017-07-26,JPM,11815499,0.32219674965066375
2017-07-27,JPM,12332375,0.18699818927207695
2017-07-28,JPM,9351915,0.23891290472500037
2017-07-31,JPM,11520329,0.2539339740706872
2017-08-01,JPM,12523725,0.2196494304782975
2017-08-02,JPM,10165604,0.11326229462972305
2017-08-03,JPM,11078804,0.24300324067081575
2017-08-04,JPM,14323999,0.34583883826921896
2017-08-07,JPM,7978339,0.2067500049560364
2017-08-08,JPM,13745401,0.23839582139437837
2017-08-09,JPM,11214440,0.24787498201628594
2017-08-10,JPM,13252269,0.19787367461708405
2017-08-11,JPM,10679534,0.2371874383338499
2017-08-14,JPM,10994793,0.27701923106479326
2017-08-15,JPM,8812720,0.1890511555043747
2017-08-16,JPM,11085401,0.23828215976467645
2017-08-17,JPM,13837463,0.26916836973459063
2017-08-18,JPM,13040738,0.2648201865065261
2017-08-21,JPM,11502065,0.2526426620153619
2017-08-22,JPM,9211781,0.2431454873650688
2017-08-23,JPM,8811292,0.24434125136177395
2017-08-24,JPM,8623165,0.22383557435880305
2017-08-25,JPM,11794644,0.26410036215197485
2017-08-28,JPM,7292915,0.17347774772877803
2017-08-29,JPM,10886082,0.2294444768676879
2017-08-30,JPM,9165342,0.21218113652523654
2017-08-31,JPM,13217404,0.2714953080114303
2017-09-01,JPM,9815834,0.29443892178818876
2017-09-05,JPM,17031549,0.31466438995754303
2017-09-06,JPM,11845663,0.29399451103631347
2017-09-07,JPM,14592255,0.32871151662302395
2017-09-08,JPM,14242198,0.28584361228086863
2017-09-11,JPM,13219047,0.24971159725937445
2017-09-12,JPM,14003776,0.14784107354014925
2017-09-13,JPM,12485428,0.18927696419434653
2017-09-14,JPM,10562826,0.24326494151066447
2017-09-15,JPM,18171794,0.22591034840377897
2017-09-18,JPM,11318699,0.23832541319101283
2017-09-19,JPM,12626131,0.3093508242548327
2017-09-20,JPM,15311581,0.1947957080720693
2017-09-21,JPM,10851489,0.19864696229833717
2017-09-22,JPM,8358310,0.1358794885001657
2017-09-25,JPM,10463432,0.15602791023207965
2017-09-26,JPM,9358111,0.16787543740065028
2017-09-27,JPM,14928264,0.3043464441850868
2017-09-28,JPM,10270398,0.2635182781074394
2017-09-29,JPM,11438412,0.2543689258207939
2017-10-02,JPM,13797213,0.3497273780676336
2017-10-03,JPM,9633452,0.3018283271126655
2017-10-04,JPM,12166633,0.31883262805177065
2017-10-05,JPM,14236219,0.3294147861415693
2017-10-06,JPM,10231853,0.2874302114223969
2017-10-09,JPM,7765100,0.2509352833796828
2017-10-10,JPM,10631527,0.30789725863967243
2017-10-11,JPM,1493431,0.06548573785402684
2017-10-12,JPM,18251616,0.4221100883588992
2017-10-13,JPM,13190576,0.3679334274316618
2017-10-16,JPM,12434009,0.29127997544385553
2017-10-17,JPM,10335687,0.26475900015100634
2017-10-18,JPM,10158626,0.16707595120807892
2017-10-19,JPM,9133863,0.13744507945404805
2017-10-20,JPM,15326608,0.29969486149097263
2017-10-23,JPM,9238624,0.21925870359457222
2017-10-24,JPM,13000801,0.30149032559760686
2017-10-25,JPM,14632741,0.30921123241252063
2017-10-26,JPM,13054361,0.30829388214392983
2017-10-27,JPM,10400446,0.12761446907368973
2017-10-30,JPM,8839456,0.13251789633902178
2017-10-31,JPM,8690197,0.1607553391020932
2017-11-01,JPM,8418239,0.1643711174210455
2017-11-02,JPM,8731788,0.1491533259283252
2017-11-03,JPM,7103513,0.0933764677009503
2017-11-06,JPM,8121544,0.1563561105048116
2017-11-07,JPM,18822583,0.3699456042322573
2017-11-08,JPM,18524671,0.36064992743652996
2017-11-09,JPM,13697785,0.2561089046451458
2017-11-10,JPM,9314009,0.2221914299221336
2017-11-13,JPM,9303072,0.2639030260475916
2017-11-14,JPM,11043772,0.2522952914636191
2017-11-15,JPM,15384080,0.2841042434064852
2017-11-16,JPM,9808033,0.23190301889993786
2017-11-17,JPM,9017866,0.22782222064129296
2017-11-20,JPM,9483200,0.27517591823045684
2017-11-21,JPM,13389407,0.291920482309751
2017-11-22,JPM,7342248,0.18161770344230851
2017-11-24,JPM,3680043,0.15826017505349066
2017-11-27,JPM,13076207,0.2862405099781236
2017-11-28,JPM,16772956,0.313185095360285
2017-11-29,JPM,21105546,0.2640785973668948
2017-11-30,JPM,23945890,0.30412239121868917
2017-12-01,JPM,19683510,0.2772097922952096
2017-12-04,JPM,23576608,0.34341158286502543
2017-12-05,JPM,17193948,0.3090114436302042
2017-12-06,JPM,15476226,0.29913948013464325
2017-12-07,JPM,13371781,0.2852867417663814
2017-12-08,JPM,13506869,0.3002131740917452
2017-12-11,JPM,10591228,0.197989552934408
2017-12-12,JPM,15508840,0.343345150071871
2017-12-13,JPM,15020293,0.3096893814242283
2017-12-14,JPM,13034232,0.30375256850338617
2017-12-15,JPM,29350598,0.3306499933843185
2017-12-18,JPM,12713148,0.24595306195325511
2017-12-19,JPM,12149937,0.2552071133039759
2017-12-20,JPM,13091473,0.2964531346742618
2017-12-21,JPM,12323670,0.3018092656897081
2017-12-22,JPM,14573385,0.40050072122852226
2017-12-26,JPM,7403739,0.1609779831148059
2017-12-27,JPM,9496548,0.26286254690307465
2017-12-28,JPM,7440555,0.2526994112373091
2017-12-29,JPM,8925701,0.2119039802080845
2017-01-03,GOOGL,1959033,0.033924425169476836
2017-01-04,GOOGL,1515339,0.034603093911494215
2017-01-05,GOOGL,1340535,0.02892368697926721
2017-01-06,GOOGL,2017097,0.036282595992935575
2017-01-09,GOOGL,1408924,0.025892921645648805
2017-01-10,GOOGL,1197442,0.025848392343160494
2017-01-11,GOOGL,1325394,0.02639211941367015
2017-01-12,GOOGL,1350308,0.02345267698833077
2017-01-13,GOOGL,1290182,0.020687433674259577
2017-01-17,GOOGL,1440905,0.019767790115938943
2017-01-18,GOOGL,1027698,0.019622753219502048
2017-01-19,GOOGL,1070454,0.020301638222005307
2017-01-20,GOOGL,1306183,0.019094263474736316
2017-01-23,GOOGL,2457377,0.05465397862847966
2017-01-24,GOOGL,1688375,0.033768282748794114
2017-01-25,GOOGL,1662148,0.026919419778469664
2017-01-26,GOOGL,3493251,0.06660927964008174
2017-01-27,GOOGL,3752497,0.0865990050002917
2017-01-30,GOOGL,3516933,0.06348439465366373
2017-01-31,GOOGL,2020180,0.02724360165166206
2017-02-01,GOOGL,2251047,0.016513815822037103
2017-02-02,GOOGL,1689179,0.029922411738106485
2017-02-03,GOOGL,1528095,0.026301706814408812
2017-02-06,GOOGL,1350875,0.029005352229596094
2017-02-07,GOOGL,1666605,0.02945425629516123
2017-02-08,GOOGL,1302225,0.02956358475579908
2017-02-09,GOOGL,1194238,0.024437598096686403
2017-02-10,GOOGL,1415128,0.03740422707772987
2017-02-13,GOOGL,1295708,0.025741065747842577
2017-02-14,GOOGL,1363345,0.023469277933733334
2017-02-15,GOOGL,1357185,0.02252767301753664
2017-02-16,GOOGL,1005084,0.02128126790692847
2017-02-17,GOOGL,1461210,0.03169600262173518
2017-02-21,GOOGL,1261062,0.026368494155326924
2017-02-22,GOOGL,1224889,0.030979800048115357
2017-02-23,GOOGL,1386681,0.03556839116604182
2017-02-24,GOOGL,1346189,0.029800659365452842
2017-02-27,GOOGL,1010333,0.025237062144216945
2017-02-28,GOOGL,1383119,0.029991749183863096
2017-03-01,GOOGL,1818671,0.02656922543329733
2017-03-02,GOOGL,1250938,0.025335612233717317
2017-03-03,GOOGL,1006612,0.0256684248707599
2017-03-06,GOOGL,1047872,0.02399419416119721
2017-03-07,GOOGL,1038696,0.029787747074067415
2017-03-08,GOOGL,1029834,0.023971266713692062
2017-03-09,GOOGL,1347697,0.03013492143403549
2017-03-10,GOOGL,1336585,0.03323507747918035
2017-03-13,GOOGL,1166605,0.03432758129593273
2017-03-14,GOOGL,1061692,0.03329592779298552
2017-03-15,GOOGL,1332885,0.026655692293256473
2017-03-16,GOOGL,1104452,0.026949268974494636
2017-03-17,GOOGL,1868252,0.024328314923549924
2017-03-20,GOOGL,1542199,0.03631550152041532
2017-03-21,GOOGL,2537978,0.030406699480627984
2017-03-22,GOOGL,1366749,0.024815186414975945
2017-03-23,GOOGL,3287669,0.07238850772228426
2017-03-24,GOOGL,2105682,0.04582109240141526
2017-03-27,GOOGL,1935211,0.04013759534154334
2017-03-28,GOOGL,1519202,0.026318416771226164
2017-03-29,GOOGL,1457347,0.03009414975215098
2017-03-30,GOOGL,949398,0.02390309031303446
2017-03-31,GOOGL,1440982,0.03204921789367774
2017-04-03,GOOGL,1969402,0.039789339361059904
2017-04-04,GOOGL,1348494,0.030918676731610088
2017-04-05,GOOGL,1855153,0.030434418196135272
2017-04-06,GOOGL,1533564,0.03273932214263826
2017-04-07,GOOGL,1111610,0.029114874906168493
2017-04-10,GOOGL,1046215,0.024888864676529687
2017-04-11,GOOGL,974343,0.01806049117066689
2017-04-12,GOOGL,1135775,0.027074827765453696
2017-04-13,GOOGL,1073650,0.019238854196095074
2017-04-17,GOOGL,1049125,0.024241665927256864
2017-04-18,GOOGL,936201,0.02394039385306879
2017-04-19,GOOGL,1080336,0.01857787822456156
2017-04-20,GOOGL,1188843,0.02404324326685621
2017-04-21,GOOGL,1172870,0.025308657426508285
2017-04-24,GOOGL,1696483,0.03216532623855001
2017-04-25,GOOGL,2038032,0.04299252741273788
2017-04-26,GOOGL,1323297,0.032170675092924546
2017-04-27,GOOGL,2342303,0.05953066170801263
2017-04-28,GOOGL,3845857,0.08186040846755023
2017-05-01,GOOGL,2327782,0.03751773293920767
2017-05-02,GOOGL,1751292,0.02553844766476931
2017-05-03,GOOGL,1824759,0.02738299086993536
2017-05-04,GOOGL,1938260,0.04450733215047274
2017-05-05,GOOGL,1615548,0.030047180762653464
2017-05-08,GOOGL,1876690,0.02692563390678912
2017-05-09,GOOGL,1687942,0.027577418010809738
2017-05-10,GOOGL,1145969,0.02703847478491385
2017-05-11,GOOGL,1031093,0.021930885147040766
2017-05-12,GOOGL,1214851,0.024383714345658843
2017-05-15,GOOGL,1337697,0.02992668114464745
2017-05-16,GOOGL,1101544,0.027827497425711948
2017-05-17,GOOGL,2449058,0.027756543725052568
2017-05-18,GOOGL,1800465,0.027307715139913015
2017-05-19,GOOGL,1360299,0.026491082121090682
2017-05-22,GOOGL,1387392,0.033084673812065805
2017-05-23,GOOGL,1545421,0.04045879556477724
2017-05-24,GOOGL,1142488,0.03131790643202268
2017-05-25,GOOGL,1954149,0.04785694030806401
2017-05-26,GOOGL,1636416,0.04353307398544375
2017-05-30,GOOGL,1516685,0.036834366816266624
2017-05-31,GOOGL,1724095,0.027826069469700333
2017-06-01,GOOGL,1306384,0.032491514087037085
2017-06-02,GOOGL,1735469,0.03347566644963837
2017-06-05,GOOGL,1378916,0.032455872976121236
2017-06-06,GOOGL,1552114,0.0326640768958594
2017-06-07,GOOGL,1374097,0.031340902729449394
2017-06-08,GOOGL,1687925,0.03563541292237177
2017-06-09,GOOGL,3647857,0.03660307976820111
2017-06-12,GOOGL,4202109,0.0387356999193485
2017-06-13,GOOGL,2005356,0.03528595358431615
2017-06-14,GOOGL,1505486,0.026770383440453203
2017-06-15,GOOGL,2427639,0.042492606797279564
2017-06-16,GOOGL,2559207,0.029058288858198923
2017-06-19,GOOGL,1468837,0.02462195613328826
2017-06-20,GOOGL,1297287,0.028230219716132536
2017-06-21,GOOGL,1161607,0.029545822201150488
2017-06-22,GOOGL,1009476,0.027337365819291085
2017-06-23,GOOGL,1563985,0.025235026429990613
2017-06-26,GOOGL,1517912,0.03543845111822733
2017-06-27,GOOGL,2443602,0.050084562208793794
2017-06-28,GOOGL,2745568,0.05689978205985497
2017-06-29,GOOGL,3206674,0.04582993319597438
2017-06-30,GOOGL,2287662,0.046529018322490893
2017-07-03,GOOGL,1694811,0.04854452580815957
2017-07-05,GOOGL,2094055,0.043251010893536425
2017-07-06,GOOGL,2014855,0.041324514204606345
2017-07-07,GOOGL,1663302,0.04288378446506417
2017-07-10,GOOGL,1451460,0.033535139649114115
2017-07-11,GOOGL,1461247,0.03569623994762505
2017-07-12,GOOGL,1602115,0.03428221490179
2017-07-13,GOOGL,1524571,0.033954123289575276
2017-07-14,GOOGL,1079608,0.022120540974761176
2017-07-17,GOOGL,1660464,0.034375775179667785
2017-07-18,GOOGL,1413335,0.031010528288666486
2017-07-19,GOOGL,1412148,0.02755736795862051
2017-07-20,GOOGL,1418385,0.03499282681404533
2017-07-21,GOOGL,1463322,0.030529583186595474
2017-07-24,GOOGL,3984532,0.0918763447716946
2017-07-25,GOOGL,5933602,0.12389615611344722
2017-07-26,GOOGL,2221625,0.06058147471745847
2017-07-27,GOOGL,3717900,0.056375237364632104
2017-07-28,GOOGL,1813794,0.04633690459256498
2017-07-31,GOOGL,2293389,0.050551454117325915
2017-08-01,GOOGL,1332456,0.023369500810452987
2017-08-02,GOOGL,2039418,0.02272262055350184
2017-08-03,GOOGL,1123921,0.024652159678786978
2017-08-04,GOOGL,1254574,0.030290452734796133
2017-08-07,GOOGL,1445754,0.03746514740288792
2017-08-08,GOOGL,1505064,0.026103346750750208
2017-08-09,GOOGL,1400852,0.03096330840483147
2017-08-10,GOOGL,2707393,0.040424911503273216
2017-08-11,GOOGL,1616708,0.03590632597394622
2017-08-14,GOOGL,1150612,0.02899023669603638
2017-08-15,GOOGL,1106484,0.023736380907041475
2017-08-16,GOOGL,1345261,0.02891656301176551
2017-08-17,GOOGL,1695694,0.03298488961081427
2017-08-18,GOOGL,1337404,0.02715885992913699
2017-08-21,GOOGL,1301243,0.02858178035412385
2017-08-22,GOOGL,1775099,0.04685383982492053
2017-08-23,GOOGL,1134464,0.031459217715731534
2017-08-24,GOOGL,1294559,0.03360348054413405
2017-08-25,GOOGL,1187313,0.02658577853538841
2017-08-28,GOOGL,1049397,0.024962176034320497
2017-08-29,GOOGL,1158576,0.02441914953712992
2017-08-30,GOOGL,1120342,0.025936341366962254
2017-08-31,GOOGL,1693313,0.03478190834559941
2017-09-01,GOOGL,1042885,0.031282714739172976
2017-09-05,GOOGL,1460830,0.026989393670633105
2017-09-06,GOOGL,1391529,0.03453600595828619
2017-09-07,GOOGL,1116575,0.02515245667467797
2017-09-08,GOOGL,999916,0.02006850357068741
2017-09-11,GOOGL,1337365,0.0252632092365496
2017-09-12,GOOGL,1284787,0.013563790891144484
2017-09-13,GOOGL,1095382,0.016605804750396358
2017-09-14,GOOGL,1427379,0.032872951703317915
2017-09-15,GOOGL,1994265,0.024792549429047142
2017-09-18,GOOGL,1473651,0.031029050553809168
2017-09-19,GOOGL,1242726,0.03044783175645106
2017-09-20,GOOGL,2004018,0.02549534925878472
2017-09-21,GOOGL,1370685,0.025091709673934728
2017-09-22,GOOGL,1074806,0.01747292090349713
2017-09-25,GOOGL,1873375,0.02793526888032743
2017-09-26,GOOGL,1672749,0.030007495106277364
2017-09-27,GOOGL,2327854,0.047458571705459585
2017-09-28,GOOGL,1400931,0.035945143008803866
2017-09-29,GOOGL,2031092,0.04516769375707117
2017-10-02,GOOGL,1539122,0.039013176181755864
2017-10-03,GOOGL,1083948,0.03396147211997522
2017-10-04,GOOGL,1057769,0.027719359180283763
2017-10-05,GOOGL,1780946,0.04120967412201816
2017-10-06,GOOGL,1553033,0.043627347220093884
2017-10-09,GOOGL,1295467,0.04186402992286352
2017-10-10,GOOGL,1163400,0.0336929653380361
2017-10-11,GOOGL,1814999,0.0795862337927369
2017-10-12,GOOGL,1530664,0.03540008272625208
2017-10-13,GOOGL,1327632,0.03703251413190387
2017-10-16,GOOGL,1071023,0.025089860650720493
2017-10-17,GOOGL,1012998,0.02594896088039132
2017-10-18,GOOGL,1279780,0.021048167423141206
2017-10-19,GOOGL,1714243,0.02579568637481706
2017-10-20,GOOGL,1606031,0.0314041592304839
2017-10-23,GOOGL,1639294,0.03890508773280098
2017-10-24,GOOGL,1445129,0.03351273607991877
2017-10-25,GOOGL,1528710,0.03230387957398716
2017-10-26,GOOGL,2369838,0.055966474120962825
2017-10-27,GOOGL,5184143,0.063609931395931
2017-10-30,GOOGL,2340172,0.035083004034578744
2017-10-31,GOOGL,1516278,0.0280488214551458
2017-11-01,GOOGL,2163073,0.042235285321941214
2017-11-02,GOOGL,1334697,0.0227988238670657
2017-11-03,GOOGL,1388461,0.01825147412562336
2017-11-06,GOOGL,914748,0.01761074487462672
2017-11-07,GOOGL,1305229,0.025653425519040877
2017-11-08,GOOGL,1214600,0.023646595497669527
2017-11-09,GOOGL,1794575,0.033553354615623074
2017-11-10,GOOGL,972127,0.02319068922908642
2017-11-13,GOOGL,940721,0.02668571398421042
2017-11-14,GOOGL,1050566,0.024000210722547374
2017-11-15,GOOGL,905262,0.016717852194908088
2017-11-16,GOOGL,1188392,0.028098569044020853
2017-11-17,GOOGL,1335610,0.033742088883414026
2017-11-20,GOOGL,876321,0.025428382385653803
2017-11-21,GOOGL,1110341,0.024208038507477683
2017-11-22,GOOGL,726898,0.01798053476221549
2017-11-24,GOOGL,825369,0.0354949772118762
2017-11-27,GOOGL,1771491,0.03877825483044557
2017-11-28,GOOGL,1821171,0.03400495495858843
2017-11-29,GOOGL,2793332,0.034950964857296894
2017-11-30,GOOGL,2254590,0.02863419576460697
2017-12-01,GOOGL,1888081,0.026590508595597615
2017-12-04,GOOGL,1938861,0.028241014354790397
2017-12-05,GOOGL,1949865,0.035043179061260865
2017-12-06,GOOGL,1435549,0.02774768096355061
2017-12-07,GOOGL,1543285,0.032925961714967505
2017-12-08,GOOGL,1558472,0.034639695243443194
2017-12-11,GOOGL,1162694,0.02173508730616682
2017-12-12,GOOGL,1694061,0.03750426390857755
2017-12-13,GOOGL,1384038,0.028536185817921535
2017-12-14,GOOGL,1548139,0.036078166910813295
2017-12-15,GOOGL,3187985,0.03591433534537547
2017-12-18,GOOGL,1514601,0.029302007149406437
2017-12-19,GOOGL,1317519,0.02767423573580184
2017-12-20,GOOGL,1436391,0.0325267152571676
2017-12-21,GOOGL,1282025,0.03139706141480972
2017-12-22,GOOGL,889446,0.02444344704362262
2017-12-26,GOOGL,918767,0.019976563005859725
2017-12-27,GOOGL,1116203,0.030896275514097613
2017-12-28,GOOGL,994249,0.03376712314112097
2017-12-29,GOOGL,1180340,0.0280223081636737
2017-01-03,AMZN,3521066,0.0609740315930304
2017-01-04,AMZN,2510526,0.05732840436710725
2017-01-05,AMZN,5830068,0.12579086849641555
2017-01-06,AMZN,5986234,0.10767757313662889
2017-01-09,AMZN,3446109,0.06333189747592145
2017-01-10,AMZN,2558369,0.05522582778170397
2017-01-11,AMZN,2992791,0.059594428111306746
2017-01-12,AMZN,4873922,0.0846521818224576
2017-01-13,AMZN,3791945,0.060801972654974445
2017-01-17,AMZN,3670529,0.05035602408657562
2017-01-18,AMZN,2354201,0.044950856430687754
2017-01-19,AMZN,2540784,0.0481871033862824
2017-01-20,AMZN,3376196,0.04935447480663189
2017-01-23,AMZN,2797474,0.062218000823531565
2017-01-24,AMZN,2971740,0.059436177730599796
2017-01-25,AMZN,4023078,0.06515600625427229
2017-01-26,AMZN,3586323,0.06838397572537928
2017-01-27,AMZN,2998700,0.06920310297233408
2017-01-30,AMZN,3747336,0.06764341473775067
2017-01-31,AMZN,3137196,0.042307377623373964
2017-02-01,AMZN,3850181,0.028245158770788276
2017-02-02,AMZN,7350492,0.13020789869022634
2017-02-03,AMZN,10868773,0.18707428587775138
2017-02-06,AMZN,3897301,0.08368101286185405
2017-02-07,AMZN,3466091,0.06125694610081674
2017-02-08,AMZN,2857985,0.0648830131339073
2017-02-09,AMZN,2484948,0.05084929512807722
2017-02-10,AMZN,2429609,0.06421867615233123
2017-02-13,AMZN,4172618,0.08289493796336166
2017-02-14,AMZN,2792442,0.04807044248655342
2017-02-15,AMZN,2968853,0.0492794642006305
2017-02-16,AMZN,2714667,0.05747933078737477
2017-02-17,AMZN,3112275,0.06751026653223072
2017-02-21,AMZN,3507742,0.07334601663153341
2017-02-22,AMZN,2616971,0.06618823282086499
2017-02-23,AMZN,3461984,0.08879994831008582
2017-02-24,AMZN,3687963,0.08164063821305445
2017-02-27,AMZN,2713627,0.0677835656513496
2017-02-28,AMZN,2793709,0.060579183440254224
2017-03-01,AMZN,2760083,0.040322448338160996
2017-03-02,AMZN,2132098,0.04318200276295406
2017-03-03,AMZN,1951575,0.04976481133460882
2017-03-06,AMZN,2610370,0.059772304835480246
2017-03-07,AMZN,2247554,0.06445540378253937
2017-03-08,AMZN,2288317,0.05326475639032667
2017-03-09,AMZN,2048187,0.04579809432477244
2017-03-10,AMZN,2436434,0.06058355642395306
2017-03-13,AMZN,1909672,0.05619247374095469
2017-03-14,AMZN,2130586,0.06681771889846193
2017-03-15,AMZN,2562176,0.051239660628761445
2017-03-16,AMZN,1842296,0.04495309025166831
2017-03-17,AMZN,3384403,0.04407158242689269
2017-03-20,AMZN,2282727,0.0537533585738242
2017-03-21,AMZN,4382852,0.05250954249093937
2017-03-22,AMZN,2658669,0.04827175059262358
2017-03-23,AMZN,1952964,0.043000724706575746
2017-03-24,AMZN,2138269,0.04653020799345856
2017-03-27,AMZN,2755775,0.05715665206654034
2017-03-28,AMZN,3041633,0.05269277223115488
2017-03-29,AMZN,4485770,0.09263094797169535
2017-03-30,AMZN,2762730,0.06955753509121539
2017-03-31,AMZN,3957612,0.08802217468825685
2017-04-03,AMZN,3422328,0.06914391789835565
2017-04-04,AMZN,4984656,0.11428969463881976
2017-04-05,AMZN,7508370,0.12317737272953562
2017-04-06,AMZN,6344065,0.1354364002603324
2017-04-07,AMZN,3710922,0.09719508624117146
2017-04-10,AMZN,3184301,0.07575272451488285
2017-04-11,AMZN,3012743,0.05584441859898257
2017-04-12,AMZN,2456140,0.05854994824489132
2017-04-13,AMZN,3174583,0.05688570713957257
2017-04-17,AMZN,2854673,0.06596166252597177
2017-04-18,AMZN,2999238,0.07669607165458094
2017-04-19,AMZN,2870242,0.04935779826926254
2017-04-20,AMZN,2814441,0.056919449938481415
2017-04-21,AMZN,2420494,0.05223038652955464
2017-04-24,AMZN,3122893,0.059210067034614636
2017-04-25,AMZN,3380639,0.07131498174713193
2017-04-26,AMZN,2608948,0.06342613823074889
2017-04-27,AMZN,5305543,0.13484271057600766
2017-04-28,AMZN,7364681,0.15675980539401393
2017-05-01,AMZN,5466544,0.08810633379432783
2017-05-02,AMZN,3848835,0.056126146420946585
2017-05-03,AMZN,3582686,0.05376307667360196
2017-05-04,AMZN,2418381,0.055532119753486334
2017-05-05,AMZN,2866397,0.05331141432908685
2017-05-08,AMZN,3415731,0.04900688042781211
2017-05-09,AMZN,3262113,0.0532960574471733
2017-05-10,AMZN,2096512,0.04946598629480318
2017-05-11,AMZN,2194070,0.04666688375788385
2017-05-12,AMZN,3625857,0.07277588885073769
2017-05-15,AMZN,4270625,0.0955415409194758
2017-05-16,AMZN,3126051,0.07897113157090799
2017-05-17,AMZN,5145578,0.05831771266653078
2017-05-18,AMZN,3939347,0.059748212663545755
2017-05-19,AMZN,3972089,0.07735426982691376
2017-05-22,AMZN,2642217,0.06300806663559765
2017-05-23,AMZN,2415594,0.0632397410242921
2017-05-24,AMZN,2463052,0.06751723613132596
2017-05-25,AMZN,4822032,0.1180911473933536
2017-05-26,AMZN,3469154,0.09228884204804777
2017-05-30,AMZN,3263069,0.07924722700678673
2017-05-31,AMZN,3913115,0.06315580628267375
2017-06-01,AMZN,2454841,0.06105517285341539
2017-06-02,AMZN,3752328,0.07237909783328808
2017-06-05,AMZN,2719859,0.06401796644390241
2017-06-06,AMZN,3346432,0.07042531165543546
2017-06-07,AMZN,2823041,0.0643889429801881
2017-06-08,AMZN,2767857,0.058434899124710615
2017-06-09,AMZN,7647692,0.0767379533568979
2017-06-12,AMZN,9447233,0.08708607571963661
2017-06-13,AMZN,4580011,0.08058920987677869
2017-06-14,AMZN,3974900,0.07068122661881773
2017-06-15,AMZN,5373865,0.09406239248366942
2017-06-16,AMZN,11472662,0.1302653229568699
2017-06-19,AMZN,5043408,0.08454210408525593
2017-06-20,AMZN,4076828,0.08871571994853966
2017-06-21,AMZN,2922473,0.07433397667684757
2017-06-22,AMZN,2253433,0.06102465266164086
2017-06-23,AMZN,2879145,0.04645524104820399
2017-06-26,AMZN,3386157,0.07905607131582286
2017-06-27,AMZN,3782389,0.07752461209655147
2017-06-28,AMZN,3737567,0.07745819725976773
2017-06-29,AMZN,4302968,0.06149821777468352
2017-06-30,AMZN,3390345,0.06895661361886737
2017-07-03,AMZN,2909108,0.08332567370917669
2017-07-05,AMZN,3652955,0.07544882846849693
2017-07-06,AMZN,3259613,0.066854400798082
2017-07-07,AMZN,2643387,0.0681526495884407
2017-07-10,AMZN,3546268,0.08193446089674164
2017-07-11,AMZN,2982726,0.07286386421598803
2017-07-12,AMZN,3608574,0.07721662262509991
2017-07-13,AMZN,2880769,0.06415836703884993
2017-07-14,AMZN,2102469,0.04307836887339215
2017-07-17,AMZN,3712587,0.07685987534024061
2017-07-18,AMZN,4007624,0.08793282372709849
2017-07-19,AMZN,2963964,0.0578402876781362
2017-07-20,AMZN,3097487,0.07641777525125888
2017-07-21,AMZN,2734577,0.05705203366152542
2017-07-24,AMZN,3288020,0.07581599523764077
2017-07-25,AMZN,2447629,0.05110754389859662
2017-07-26,AMZN,2921253,0.07965962516752365
2017-07-27,AMZN,10991715,0.16666950218386378
2017-07-28,AMZN,7709420,0.1969521671171105
2017-07-31,AMZN,7352063,0.16205601204688325
2017-08-01,AMZN,4572576,0.0801968834527053
2017-08-02,AMZN,4069993,0.04534671489337086
2017-08-03,AMZN,3255764,0.07141214907849058
2017-08-04,AMZN,2730308,0.0659205956965757
2017-08-07,AMZN,2676607,0.06936136838950585
2017-08-08,AMZN,2902815,0.05034549128693462
2017-08-09,AMZN,3569731,0.07890246926533812
2017-08-10,AMZN,5684068,0.08487055476563143
2017-08-11,AMZN,3468017,0.07702303006182135
2017-08-14,AMZN,3172892,0.07994257846342664
2017-08-15,AMZN,2549295,0.0546876748009156
2017-08-16,AMZN,3132066,0.0673241726668716
2017-08-17,AMZN,3512397,0.06832366412475083
2017-08-18,AMZN,3284821,0.06670534365927401
2017-08-21,AMZN,3164483,0.06950781525077092
2017-08-22,AMZN,2749970,0.07258561573373469
2017-08-23,AMZN,2668264,0.07399220962414733
2017-08-24,AMZN,5195726,0.13486791838274767
2017-08-25,AMZN,3324791,0.07444722428075207
2017-08-28,AMZN,2596737,0.06176900268328698
2017-08-29,AMZN,2874299,0.06058121098263989
2017-08-30,AMZN,2904604,0.06724268203802412
2017-08-31,AMZN,3331488,0.06843124116478423
2017-09-01,AMZN,2535917,0.07606818404063662
2017-09-05,AMZN,2998649,0.0554011885989816
2017-09-06,AMZN,2129861,0.0528604809431362
2017-09-07,AMZN,2566794,0.057820723979870016
2017-09-08,AMZN,2605322,0.05228930616150802
2017-09-11,AMZN,2186666,0.041306749233342405
2017-09-12,AMZN,2481066,0.026193182536193377
2017-09-13,AMZN,3374650,0.051159119833012655
2017-09-14,AMZN,3913263,0.09012358007325383
2017-09-15,AMZN,3760183,0.04674630647870908
2017-09-18,AMZN,3411324,0.07182850271293713
2017-09-19,AMZN,2671054,0.06544306854801109
2017-09-20,AMZN,2888795,0.03675158479715801
2017-09-21,AMZN,2337576,0.04279158109467722
2017-09-22,AMZN,2641787,0.042947039088809494
2017-09-25,AMZN,5123997,0.07640767808740435
2017-09-26,AMZN,3564848,0.06394991652341304
2017-09-27,AMZN,3124726,0.06370461074058506
2017-09-28,AMZN,2522567,0.06472412386069645
2017-09-29,AMZN,2543759,0.05656845061858035
2017-10-02,AMZN,2442937,0.06192279207361737
2017-10-03,AMZN,2666574,0.08354716144764399
2017-10-04,AMZN,2527352,0.06623050766567042
2017-10-05,AMZN,3229224,0.07472167528212534
2017-10-06,AMZN,3782067,0.1062447161255806
2017-10-09,AMZN,2938586,0.09496270629426132
2017-10-10,AMZN,3084921,0.08934170218633287
2017-10-11,AMZN,2337113,0.10248050914520873
2017-10-12,AMZN,4067317,0.09406594672239722
2017-10-13,AMZN,2431462,0.06782237161817976
2017-10-16,AMZN,2008908,0.04706082108425086
2017-10-17,AMZN,2319742,0.059422520489281046
2017-10-18,AMZN,2499681,0.041111522443267615
2017-10-19,AMZN,3108197,0.04677170914692214
2017-10-20,AMZN,2365122,0.04624734384798334
2017-10-23,AMZN,3494100,0.08292488537576535
2017-10-24,AMZN,2723935,0.06316841939636775
2017-10-25,AMZN,3033113,0.06409411666457007
2017-10-26,AMZN,5618675,0.1326915295398254
2017-10-27,AMZN,16565021,0.20325439506243492
2017-10-30,AMZN,6613064,0.0991406405139996
2017-10-31,AMZN,3476967,0.06431856598093089
2017-11-01,AMZN,3755511,0.07332858327698084
2017-11-02,AMZN,3684876,0.0629437534481441
2017-11-03,AMZN,3751480,0.0493136214505078
2017-11-06,AMZN,3381138,0.06509372931551163
2017-11-07,AMZN,2688977,0.05285009082077856
2017-11-08,AMZN,2581451,0.0502573090680508
2017-11-09,AMZN,3732732,0.0697912767541529
2017-11-10,AMZN,2179937,0.052003741801212144
2017-11-13,AMZN,2918439,0.08278823204155651
2017-11-14,AMZN,3138423,0.07169736440784234
2017-11-15,AMZN,3928680,0.07255257766380507
2017-11-16,AMZN,2213322,0.05233221111691287
2017-11-17,AMZN,2413388,0.06097045724887115
2017-11-20,AMZN,2163855,0.06278901494670208
2017-11-21,AMZN,2479397,0.05405667092481016
2017-11-22,AMZN,3555273,0.08794316364285795
2017-11-24,AMZN,3528011,0.15172204195729252
2017-11-27,AMZN,6744045,0.14762835125777793
2017-11-28,AMZN,4559449,0.08513415702368479
2017-11-29,AMZN,9257512,0.11583262447070534
2017-11-30,AMZN,4509208,0.05726874714042547
2017-12-01,AMZN,4107094,0.05784164890697348
2017-12-04,AMZN,5931915,0.08640294310236601
2017-12-05,AMZN,4079774,0.07332212784550546
2017-12-06,AMZN,2853316,0.05515165421465542
2017-12-07,AMZN,2511569,0.053584285947507575
2017-12-08,AMZN,3050074,0.06779309081584382
2017-12-11,AMZN,2363473,0.044182125306200956
2017-12-12,AMZN,2235892,0.04949968368262847
2017-12-13,AMZN,2616760,0.05395252847169251
2017-12-14,AMZN,3214337,0.07490760635421165
2017-12-15,AMZN,4778621,0.05383369027221065
2017-12-18,AMZN,2947625,0.05702579677668848
2017-12-19,AMZN,2587792,0.05435607823737048
2017-12-20,AMZN,2371166,0.053694461542488824
2017-12-21,AMZN,2123117,0.051995581084476945
2017-12-22,AMZN,1585054,0.04355990527843422
2017-12-26,AMZN,2005187,0.04359837090800045
2017-12-27,AMZN,1867208,0.05168394352114013
2017-12-28,AMZN,1841676,0.06254781274916757
2017-12-29,AMZN,2688391,0.06382476326011734
